Element,HHI Contribution,HHI,Country,Production,Market Share,Total World Production
Al,1739.4719091400761,2206.9237918394333,Australia,53802.0,0.4170697674418605,129000.0
Al,0.0033802055164954027,,Bosnia and Herzegovina,75.0,0.0005813953488372093,
Al,115.53750135208219,,Brazil,13866.0,0.10748837209302325,
Al,48.6749594375338,,China,9000.0,0.06976744186046512,
Al,0.152644672796106,,Ghana,504.0,0.0039069767441860465,
Al,2.38211706027282,,Greece,1991.0,0.015434108527131783,
Al,148.12210804639145,,Guinea,15700.0,0.12170542635658915,
Al,3.669155098852232,,Guyana,2471.0,0.01915503875968992,
Al,0.6587398593834506,,Hungary,1047.0,0.008116279069767442,
Al,34.36322576768223,,India,7562.0,0.05862015503875969,
Al,0.7961066041704224,,Indonesia,1151.0,0.008922480620155038,
Al,0.09614806802475813,,Iran,400.0,0.0031007751937984496,
Al,74.40065440778798,,Jamaica,11127.0,0.08625581395348837,
Al,8.360615347635358,,Kazakhstan,3730.0,0.028914728682170543,
Al,0.009091400757166034,,Malaysia,123.0,0.0009534883720930232,
Al,3.845922720990325e-05,,Mozambique,8.0,6.201550387596899e-05,
Al,4.8674959437533804e-05,,Pakistan,9.0,6.976744186046511e-05,
Al,0.0,,Romania,0.0,0.0,
Al,10.600324499729584,,Russia,4200.0,0.03255813953488372,
Al,0.23850730124391561,,Serbia and Montenegro,630.0,0.004883720930232558,
Al,7.831320233159065,,Suriname,3610.0,0.02798449612403101,
Al,0.12660356949702542,,Turkey,459.0,0.0035581395348837207,
Al,0.0,,United States,,0.0,
Al,11.428592632654286,,Venezuela,4361.0,0.0338062015503876,
He,6995.041322314048,7303.948576675847,United States,138.0,0.8363636363636363,165.0
He,308.90725436179974,,Rest of World,29.0,0.17575757575757575,
Li,4.358145111665132,2047.6216789800937,Argentina,4386.0,0.02087617089330592,210096.0
Li,1302.5002482120137,,Australia,75824.0,0.36090168304013404,
Li,28.02400575552608,,Brazil,11122.0,0.05293770466834209,
Li,114.69103402529547,,Canada,22500.0,0.1070938999314599,
Li,207.04724618789757,,Chile,30231.0,0.14389136394790952,
Li,35.39846729175786,,China,12500.0,0.05949661107303328,
Li,0.0,,Namibia,,0.0,
Li,50.04018953259996,,Portugal,14862.0,0.07073909070139364,
Li,0.9062007626690015,,Russia,2000.0,0.009519457771685325,
Li,0.0,,United States,,0.0,
Li,304.6561421006689,,Zimbabwe,36671.0,0.17454401797273628,
Be,0.031376331873426325,6927.5533462468975,Brazil,11.0,0.0017713365539452496,6210.0
Be,2.5930852787955634,,Kazakhstan,100.0,0.01610305958132045,
Be,0.10372341115182254,,Madagascar,20.0,0.00322061191626409,
Be,0.0,,Mozambique,,0.0,
Be,0.004148936446072903,,Portugal,4.0,0.0006441223832528181,
Be,259.3085278795564,,Russia,1000.0,0.1610305958132045,
Be,6665.499778291208,,United States,5070.0,0.8164251207729468,
Be,0.012706117866098262,,Zambia,7.0,0.0011272141706924316,
B,30.15164607199876,2467.1327904398704,Argentina,245.45,0.05491051454138702,4470.0
B,0.11810831544124638,,Bolivia,15.362,0.00343668903803132,
B,52.76251093844621,,Chile,324.691,0.07263780760626398,
B,6.055783273025739,,China,110.0,0.024608501118568233,
B,0.0007206882572857076,,Germany,1.2,0.00026845637583892615,
B,0.006715197513625513,,Iran,3.663,0.0008194630872483222,
B,0.45043016080356746,,Kazakhstan,30.0,0.006711409395973154,
B,0.10838383456200672,,Peru,14.716,0.0032921700223713644,
B,500.47795644840824,,Russia,1000.0,0.22371364653243847,
B,1132.0891451336029,,Turkey,1504.0,0.3364653243847875,
B,744.9113903778108,,United States,1220.0,0.27293064876957496,
N,2.1836e-05,1067.834066240283,Afghanistan,5.0,4.672897196261682e-05,107000.0
N,8.73439e-05,,Albania,10.0,9.345794392523364e-05,
N,0.180823653,,Algeria,455.0,0.004252336448598131,
N,0.00676391,,Argentina,88.0,0.0008224299065420561,
N,0.162250852,,Australia,431.0,0.00402803738317757,
N,0.176871342,,Austria,450.0,0.004205607476635514,
N,0.119573762,,Bahrain,370.0,0.0034579439252336447,
N,1.342999389,,Bangladesh,1240.0,0.011588785046728972,
N,0.51115818,,Belarus,765.0,0.007149532710280374,
N,0.616298367,,Belgium,840.0,0.007850467289719627,
N,8.73439e-07,,Bosnia and Herzegovina,1.0,9.345794392523365e-06,
N,1.026339418,,Brazil,1084.0,0.010130841121495327,
N,0.086666958,,Bulgaria,315.0,0.00294392523364486,
N,0.003804699,,Burma,66.0,0.0006168224299065421,
N,14.9342519,,Canada,4135.0,0.03864485981308411,
N,699.5283431,,China,28300.0,0.2644859813084112,
N,0.004913093,,Colombia,75.0,0.0007009345794392523,
N,0.088325618,,Croatia,318.0,0.00297196261682243,
N,0.015918421,,Cuba,135.0,0.0012616822429906542,
N,0.043435235,,Czech Republic,223.0,0.0020841121495327104,
N,3.49375e-06,,Denmark,2.0,1.869158878504673e-05,
N,1.729102105,,Egypt,1407.0,0.013149532710280375,
N,0.023492008,,Estonia,164.0,0.0015327102803738319,
N,0.003144379,,Finland,60.0,0.0005607476635514019,
N,2.180452441,,France,1580.0,0.014766355140186916,
N,5.056193554,,Germany,2406.0,0.022485981308411215,
N,0.009447113,,Georgia,104.0,0.0009719626168224299,
N,0.022360031,,Greece,160.0,0.0014953271028037382,
N,0.05949952,,Hungary,261.0,0.002439252336448598,
N,4.27985e-05,,Iceland,7.0,6.542056074766355e-05,
N,94.03561534,,India,10376.0,0.09697196261682244,
N,10.39610446,,Indonesia,3450.0,0.032242990654205606,
N,0.653528692,,Iran,865.0,0.00808411214953271,
N,0.042274434,,Iraq,220.0,0.00205607476635514,
N,0.143265787,,Ireland,405.0,0.0037850467289719625,
N,0.117642589,,Israel,,,
N,1.675452005,,Italy,367.0,0.003429906542056075,
N,0.008734387,,Japan,1385.0,0.01294392523364486,
N,0.208857542,,"Korea, North",100.0,0.0009345794392523365,
N,0.137661805,,"Korea, Republic of",489.0,0.004570093457943925,
N,0.266140274,,Kuwait,397.0,0.0037102803738317757,
N,0.140449821,,Libya,552.0,0.005158878504672897,
N,0.163004629,,Lithuania,401.0,0.003747663551401869,
N,0.878687222,,Malaysia,432.0,0.0040373831775700935,
N,5.157568347,,Mexico,1003.0,0.009373831775700935,
N,0.010568609,,Netherlands,2430.0,0.022710280373831777,
N,0.019131802,,New Zealand,110.0,0.00102803738317757,
N,0.013000262,,Nigeria,148.0,0.0013831775700934579,
N,3.490262032,,Norway,122.0,0.0011401869158878504,
N,1.897699362,,Pakistan,1999.0,0.018682242990654206,
N,0.043435235,,Peru,,,
N,1.115293912,,Poland,1474.0,0.01377570093457944,
N,0.411036772,,Portugal,223.0,0.0020841121495327104,
N,50.88888899,,Qatar,1130.0,0.010560747663551402,
N,1.716834658,,Romania,686.0,0.006411214953271028,
N,0.002837802,,Russia,7633.0,0.07133644859813085,
N,0.053287623,,Saudi Arabia,1402.0,0.013102803738317757,
N,0.53823478,,Serbia and Montenegro,57.0,0.0005327102803738317,
N,0.16679972,,Slovakia,247.0,0.002308411214953271,
N,0.000894401,,South Africa,785.0,0.0073364485981308415,
N,0.010956415,,Spain,437.0,0.00408411214953271,
N,0.01861822,,Switzerland,32.0,0.0002990654205607477,
N,8.73439e-05,,Syria,112.0,0.0010467289719626168,
N,6.462049087,,Taiwan,146.0,0.0013644859813084112,
N,0.005873002,,Tajikistan,10.0,9.345794392523364e-05,
N,0.004913093,,Trinidad and Tobago,2720.0,0.02542056074766355,
N,12.02857979,,Turkey,82.0,0.0007663551401869159,
N,0.126124552,,Turkmenistan,75.0,0.0007009345794392523,
N,0.710633243,,Ukraine,3711.0,0.034682242990654207,
N,145.3489388,,United Arab Emirates,380.0,0.0035514018691588786,
N,0.54511311,,United Kingdom,902.0,0.008429906542056075,
N,0.237998078,,United States,12900.0,0.1205607476635514,
N,0.000951175,,Uzbekistan,790.0,0.007383177570093458,
N,0.003250066,,Venezuela,522.0,0.004878504672897196,
N,0.0009511747750895273,,Vietnam,33.0,0.00030841121495327103,
N,0.00325006550790462,,Zimbabwe,61.0,0.0005700934579439252,
K,278.1441989024407,1735.6505252988773,Belarus,4553.0,0.16677655677655678,27300.0
K,1.6249245260234275,,Brazil,348.0,0.012747252747252748,
K,963.727206859075,,Canada,8475.0,0.31043956043956045,
K,1.6909525151283393,,Chile ,355.0,0.013003663003663004,
K,0.90702947845805,,China,260.0,0.009523809523809525,
K,1.5970293442820913,,France ,345.0,0.012637362637362638,
K,168.4290544620215,,Germany,3543.0,0.12978021978021978,
K,38.77685196366515,,Israel,1700.0,0.06227106227106227,
K,15.650283782151911,,Jordan,1080.0,0.03956043956043956,
K,236.68639053254438,,Russia,4200.0,0.15384615384615385,
K,5.774074521327268,,Spain,656.0,0.02402930402930403,
K,0.033543989587945626,,Ukraine,50.0,0.0018315018315018315,
K,3.287646419514552,,United Kingdom,495.0,0.018131868131868133,
K,19.321338002656688,,United States,1200.0,0.04395604395604396,
P,0.0,1458.0163307655816,Albania,,,42706.0
P,0.6338405833777493,,Algeria,340.0,0.007961410574626517,
P,0.0,,Australia,,0.0,
P,13.054314179016703,,Brazil,1543.0,0.036130754460731516,
P,,,Burkina Faso,,,
P,0.0,,Canada,,,
P,0.00012014328179129596,,Chile,4.681,0.0001096098908818433,
P,197.38980105189415,,China,6000.0,0.14049548072870321,
P,0.26537962141421334,,Christmas Island,220.0,0.005151500960052451,
P,0.0003686802839647044,,Colombia,8.2,0.00019201049032922771,
P,0.49281675594823043,,Egypt,299.8,0.007020090853744205,
P,0.39381458529864594,,Finlande,268.0,0.006275464805882078,
P,0.7917524242192644,,India,380.0,0.00889804711281787,
P,0.0,,Indonesia,,,
P,0.4934745026297356,,Iraq,300.0,0.0070247740364351614,
P,9.409462155143212,,Israel,1310.0,0.03067484662576687,
P,20.297023004963236,,Jordan,1924.0,0.045052217487004165,
P,0.0021279168858397116,,Kazakhstan,19.7,0.00046129349505924223,
P,0.060450626572142604,,"Korea, North",105.0,0.0024586709127523065,
P,0.4459860256486684,,Mexico,285.2,0.00667821851730436,
P,308.4215641435847,,Morocco,7500.0,0.17561935091087905,
P,0.30022988739993106,,Nauru,234.0,0.005479323748419426,
P,2.0849297736106325e-05,,Pakistan,1.95,4.566103123682855e-05,
P,0.0004478853761109902,,Peru,9.038,0.00021163302580433664,
P,0.020536434901439075,,Philippines,61.2,0.001433053903432773,
P,96.72100251542814,,Russia,4200.0,0.09834683651009225,
P,1.9738980105189423,,Senegal,600.0,0.014049548072870323,
P,7.289216056294378,,South Africa,1153.0,0.026998548213365805,
P,0.0006395429554081374,,Sri Lanka,10.8,0.00025289186531166584,
P,2.2109028480319455,,Syria,635.0,0.014869105043787759,
P,0.00028820281716083855,,Tanzania,7.25,0.00016976537254718307,
P,7.377992119317468e-06,,Thailand,1.16,2.716245960754929e-05,
P,1.9738980105189423,,Togo,600.0,0.014049548072870323,
P,31.582368168303077,,Tunisia,2400.0,0.05619819229148129,
P,763.4598860684931,,United States,11800.0,0.2763077787664497,
P,0.006910013799323603,,Uzbekistan,35.5,0.0008312649276448275,
P,0.05352246387722228,,Venezuela,98.8,0.0023134922493326464,
P,0.2281826100159897,,Vietnam,204.0,0.00477684634477591,
P,0.008904966721954745,,Zimbabwe,40.3,0.0009436613122277899,
P,0.0,,Argentina,,,
P,0.0003509152018700342,,France,8.0,0.00018732730763827097,
P,0.001979381060548161,,Germany,19.0,0.00044490235564089353,
P,0.030842156414358474,,Luxembourg,75.0,0.0017561935091087904,
S,0.634541603,1002.508,Australia,466.0,0.00797,58500.0
S,281.4938272,,Canada,9815.0,0.16778,
S,3.160493827,,Chile,1040.0,0.01778,
S,97.28365841,,China,5770.0,0.09863,
S,1.51900358,,Finland,721.0,0.01232,
S,3.535685587,,France,1100.0,0.0188,
S,16.24710059,,Germany,2358.0,0.04031,
S,0.453608006,,India,394.0,0.00674,
S,2.980787494,,Iran,1010.0,0.01726,
S,1.343221565,,Italy,678.0,0.01159,
S,35.02211703,,Japan,3462.0,0.05918,
S,5.091387245,,Kazakhstan,1320.0,0.02256,
S,3.731171013,,South Korea,1130.0,0.01932,
S,1.193136095,,Kuwait,639.0,0.01092,
S,5.199959091,,Mexico,1334.0,0.0228,
S,0.962746731,,Netherlands,574.0,0.00981,
S,6.786692965,,Poland,1524.0,0.02605,
S,81.0,,Russia,5265.0,0.09,
S,10.9974432,,Saudi Arabia,1940.0,0.03316,
S,2.664986485,,Spain,955.0,0.01632,
S,3.465325444,,United Arab Emirates,1089.0,0.01862,
S,386.4416685,,United States,11500.0,0.19658,
S,51.29987581,,Other,4190.0,0.07162,
Ca,1.672116527942925,911.0949645921642,Australia,1500.0,0.01293103448275862,116000.0
Ca,2.9726516052318663,,Austria,2000.0,0.017241379310344827,
Ca,2.275936385255648,,Belgium,1750.0,0.015086206896551725,
Ca,27.98957268133175,,Brazil,6137.0,0.052905172413793104,
Ca,0.8476694411414981,,Bulgaria,1068.0,0.009206896551724138,
Ca,4.889435939357908,,Canada,2565.0,0.02211206896551724,
Ca,0.7431629013079666,,Chile,1000.0,0.008620689655172414,
Ca,343.5270511296076,,China,21500.0,0.1853448275862069,
Ca,1.2559453032104635,,Colombia,1300.0,0.011206896551724138,
Ca,0.9692063020214029,,Czech Republic,1142.0,0.009844827586206896,
Ca,4.644768133174793,,France,2500.0,0.021551724137931036,
Ca,30.82164090368608,,Germany,6440.0,0.05551724137931034,
Ca,3.3976659036860872,,Iran,2138.2,0.018432758620689653,
Ca,9.103745541022592,,Italy,3500.0,0.03017241379310345,
Ca,42.86189961,,Japan,7594.404,0.065469,
Ca,31.398632580261598,,Mexico,6500.0,0.05603448275862069,
Ca,3.927913941736028,,Poland,2299.0,0.01981896551724138,
Ca,1.957586950059453,,Romania,1623.0,0.013991379310344828,
Ca,36.41498216409037,,Russia,7000.0,0.0603448275862069,
Ca,2.7395957193816884,,South Africa,1920.0,0.016551724137931035,
Ca,1.672116527942925,,Spain,1500.0,0.01293103448275862,
Ca,0.7064692330558857,,Turkey,975.0,0.008405172413793103,
Ca,4.644768133174793,,United Kingdom,2500.0,0.021551724137931036,
Ca,288.4140903686088,,United States,19700.0,0.16982758620689656,
Ca,0.7823097502972652,,Vietnam,1026.0,0.008844827586206897,
Ca,60.464030915576686,,Other,9020.0,0.07775862068965517,
Ti,1093.528209,1882.841,Australia,2187000.0,0.330685,6613500.0
Ti,2.300034185,,Brazil,100300.0,0.015166,
Ti,7.407598499,,China,180000.0,0.027217,
Ti,3.863839958,,Egypt,130000.0,0.019657,
Ti,35.491542,,India,394000.0,0.059575,
Ti,3.728036963,,Malaysia,127695.0,0.019308,
Ti,,,Norway,,,
Ti,82.30664999,,Sri Lanka,600000.0,0.090723,
Ti,78.38780948,,Ukraine,585542.0,0.088537,
Ti,0.0,,United States,,,
Ti,1.893281579,,Vietnam,91000.0,0.01376,
Ti,206.3381989,,South Africa,950000.0,0.143645,
Ti,367.5961312,,Canada,1268000.0,0.191728,
V,822.7785205,3563.16173,China,10400.0,0.2868,36300.0
V,,,Hungary,,,
V,7.607049931,,Kazakhstan,1000.0,0.0276,
V,372.7454466,,Russia,7000.0,0.1931,
V,2359.5741,,South Africa,17612.0,0.4858,
V,0.456613172,,Japan,245.0,0.0068,
V,0.0,,United States,,,
Cr,0.0009246738742313035,2785.557105500744,Afghanistan,4318.0,0.00030408450704225355,14200000.0
Cr,0.25306567923031137,,Albania,71434.0,0.00503056338028169,
Cr,0.24300733981352907,,Australia,70000.0,0.004929577464788733,
Cr,10.383780065512793,,Brazil,457579.0,0.032223873239436616,
Cr,0.00030995834159888914,,Burma,2500.0,0.00017605633802816902,
Cr,2.400317397341797,,China,220000.0,0.015492957746478873,
Cr,0.1341003769093434,,Cuba,52000.0,0.0036619718309859155,
Cr,17.701456250942275,,Finland,597438.0,0.0420730985915493,
Cr,0.0002562254017060107,,Greece,2273.0,0.00016007042253521128,
Cr,107.56991126542354,,India,1472766.0,0.10371591549295775,
Cr,0.0020028776532434044,,Indonesia,6355.0,0.0004475352112676056,
Cr,3.216844337681015,,Iran,254685.0,0.01793556338028169,
Cr,286.99223170005956,,Kazakhstan,2405600.0,0.16940845070422536,
Cr,0.0012398333663955566,,Macedonia,5000.0,0.00035211267605633805,
Cr,0.0,,Madagascar,,0.0,
Cr,0.03353541043443761,,Oman,26004.0,0.0018312676056338028,
Cr,0.16683197778218609,,Pakistan,58000.0,0.004084507042253521,
Cr,0.01898573477484626,,Philippines,19566.0,0.001377887323943662,
Cr,0.6570129934536797,,Russia,115100.0,0.0081056338028169,
Cr,2304.709913831581,,South Africa,6817050.0,0.4800739436619718,
Cr,0.11426304304701447,,Sudan,48000.0,0.0033802816901408453,
Cr,29.43077781709978,,Turkey,770352.0,0.054250140845070426,
Cr,0.17853600476096007,,United Arab Emirates,60000.0,0.004225352112676056,
Cr,0.16972078952588776,,Vietnam,58500.0,0.004119718309859155,
Cr,21.178079916732784,,Zimbabwe,653479.0,0.04601964788732394,
Mn,210.00046532017703,1259.7238313491102,Australia,926.0,0.14491392801251957,6390.0
Mn,93.8381812348618,,Brazil,619.0,0.09687010954616589,
Mn,97.20293592541161,,China,630.0,0.09859154929577464,
Mn,189.92937560620192,,Gabon,880.637,0.1378148669796557,
Mn,10.240000000000002,,Ghana,204.48,0.032,
Mn,79.56975027000816,,India,570.0,0.0892018779342723,
Mn,14.106548524322776,,"Kazakhstan, crude ore",240.0,0.03755868544600939,
Mn,7.003601933037976,,Mexico,169.107,0.02646431924882629,
Mn,441.8180315820151,,South Africa,1343.144,0.21019467918622847,
Mn,111.58500297560006,,Ukraine,675.0,0.1056338028169014,
Mn,4.429937977473605,,Other,134.493,0.021047417840375587,
Fe,0.014749059007308957,1245.5530512770422,Algeria,680.0,0.0012144570394752117,559921.0
Fe,289.2212556813547,,Australia,95223.0,0.17006506274992364,
Fe,0.007974188477135036,,Austria,500.0,0.0008929831172611851,
Fe,0.0,,Azerbaijan,,0.0,
Fe,7.974188477135035e-05,,Bosnia and Herzegovina,50.0,8.929831172611851e-05,
Fe,522.9230898323513,,Brazil,128040.0,0.22867511666824428,
Fe,0.001586193675117792,,Bulgaria,223.0,0.0003982704702984885,
Fe,14.950726233895704,,Canada,21650.0,0.038666168977409314,
Fe,0.8674712960662867,,Chile,5215.0,0.00931381391303416,
Fe,195.05630537166098,,China,78200.0,0.13966255953964934,
Fe,0.00320527290351529,,Colombia,317.0,0.0005661512963435914,
Fe,0.058131833998314404,,Egypt,1350.0,0.0024110544166051997,
Fe,3.907352353796166e-05,,France,35.0,6.250881820828295e-05,
Fe,6.251763766073866e-06,,Germany,14.0,2.500352728331318e-05,
Fe,0.011482831407074448,,Greece,600.0,0.001071579740713422,
Fe,1.5629409415184664e-06,,Guatemala,7.0,1.250176364165659e-05,
Fe,64.41879902200174,,India,44940.0,0.08026132257943532,
Fe,0.0032662276002345093,,Indonesia,320.0,0.0005715091950471584,
Fe,0.8959798172908924,,Iran,5300.0,0.009465621042968561,
Fe,3.1896753908540134e-08,,Japan,1.0,1.7859662345223701e-06,
Fe,0.8624882256869252,,Kazakhstan,5200.0,0.009287024419516324,
Fe,0.0,,Kenya,,,
Fe,0.03859507222933357,,"Korea, North",1100.0,0.001964562857974607,
Fe,0.0016726976717177532,,"Korea, Republic of",229.0,0.00040898626770562277,
Fe,2.5836370665917517e-06,,Macedonia,9.0,1.6073696110701332e-05,
Fe,0.0014881749503568486,,Malaysia,216.0,0.00038576870665683194,
Fe,1.7822510601108732,,Mauritania,7475.0,0.013350097603054717,
Fe,1.5120090022961576,,Mexico,6885.0,0.012296377524686519,
Fe,5.103480625366421e-07,,Morocco,4.0,7.1438649380894805e-06,
Fe,0.015230093953003652,,New Zealand,691.0,0.0012341026680549576,
Fe,0.0,,Nigeria,,,
Fe,0.004019788411323771,,Norway,355.0,0.0006340180132554414,
Fe,0.23511814982947876,,Peru,2715.0,0.004848898326728235,
Fe,1.5629409415184664e-06,,Portugal,7.0,1.250176364165659e-05,
Fe,0.0001607915364529508,,Romania,71.0,0.00012680360265108828,
Fe,70.16041886476397,,Russia,46900.0,0.08376181639909916,
Fe,0.0,,Serbia and Montenegro,,0.0,
Fe,0.0008895685697552757,,Slovakia,167.0,0.0002982563611652358,
Fe,10.848320891990284,,South Africa,18442.0,0.03293678929706155,
Fe,4.222748604726952,,Sweden,11506.0,0.02054932749441439,
Fe,0.00011868782129367783,,Thailand,61.0,0.00010894394030586457,
Fe,0.000459313256282978,,Tunisia,120.0,0.00021431594814268442,
Fe,0.2156220564217313,,Turkey,2600.0,0.004643512209758162,
Fe,1.2758701563416054e-07,,Uganda,2.0,3.5719324690447403e-06,
Fe,21.895207752978298,,Ukraine,26200.0,0.0467923153444861,
Fe,3.1896753908540134e-08,,United Kingdom,1.0,1.7859662345223701e-06,
Fe,42.56433299279081,,United States,36530.0,0.06524134654710217,
Fe,2.7540060499602954,,Venezuela,9292.0,0.016595198251181862,
Fe,0.0008683891251600054,,Vietnam,165.0,0.0002946844286961911,
Fe,0.002870707851768612,,Zimbabwe,300.0,0.000535789870356711,
Co,157.207118742343,1407.7964724256285,Australia,4100.0,0.12538226299694188,32700.0
Co,1.0246144638030845,,Botswana,331.0,0.010122324159021407,
Co,4.582479963340159,,Brazil,700.0,0.021406727828746176,
Co,264.98264268813887,,Canada,5323.0,0.162782874617737,
Co,0.5844999953240001,,China,250.0,0.00764525993883792,
Co,458.247996334016,,DR of the Congo,7000.0,0.21406727828746178,
Co,60.19292240645661,,Cuba,2537.0,0.07758409785932721,
Co,0.8416799932665602,,Kazakhstan,300.0,0.009174311926605505,
Co,6.9650796322793616,,Morocco,863.0,0.0263914373088685,
Co,11.315919909472639,,New Caledonia,1100.0,0.03363914373088685,
Co,0.09351999925184,,Norway,100.0,0.0030581039755351682,
Co,142.24391886204867,,Russia,3900.0,0.11926605504587157,
Co,1.8937799848497607,,South Africa,450.0,0.013761467889908258,
Co,297.48337682013306,,Zambia,5640.0,0.1724770642201835,
Co,0.13692263090461895,,Zimbabwe,121.0,0.0037003058103975534,
Ni,104.49382716049385,1271.3995115859448,Australia,119600.0,0.10222222222222223,1170000.0
Ni,10.330455292570676,,Botswana,37605.0,0.03214102564102564,
Ni,12.594612345679012,,Brazil,41522.0,0.03548888888888889,
Ni,4.219446270728322e-05,,Burma,76.0,6.495726495726496e-05,
Ni,253.37020743662796,,Canada,186236.0,0.15917606837606837,
Ni,17.899408284023668,,China,49500.0,0.04230769230769231,
Ni,11.267784907590038,,Colombia,39274.0,0.03356752136752137,
Ni,30.21052570677186,,Cuba,64308.0,0.054964102564102564,
Ni,11.686463649645702,,Dominican Republic,39997.0,0.034185470085470085,
Ni,3.5795164000292213e-05,,Finland,70.0,5.982905982905983e-05,
Ni,1.8818211702827088,,Greece,16050.0,0.013717948717948718,
Ni,58.0084032507853,,Indonesia,89111.0,0.07616324786324787,
Ni,0.0,,Kazakhstan,,,
Ni,0.026371539192052016,,Macedonia,1900.0,0.001623931623931624,
Ni,0.0,,Morocco,,,
Ni,88.49180980349185,,New Caledonia,110062.0,0.09407008547008547,
Ni,0.06422108992621813,,Norway,2965.0,0.002534188034188034,
Ni,3.126851640002923,,Philippines,20689.0,0.017682905982905985,
Ni,657.4621959237343,,Russia,300000.0,0.2564102564102564,
Ni,0.0,,Serbia and Montenegro,,,
Ni,9.573999590912411,,South Africa,36202.0,0.03094188034188034,
Ni,0.0,,Ukraine,,,
Ni,0.0,,Venezuela,,,
Ni,0.9104748045876252,,Zimbabwe,11164.0,0.009541880341880343,
Cu,4.943847656249999e-05,1524.1309334732055,Albania,900.0,7.03125e-05,12800000.0
Cu,2.69488134008789,,Argentina  ,210126.0,0.01641609375,
Cu,0.005897760009765625,,Armenia,9830.0,0.00076796875,
Cu,33.41381896972656,,Australia,739900.0,0.0578046875,
Cu,3.8759765625e-06,,Bolivia,252.0,1.96875e-05,
Cu,0.026814062500000003,,Botswana,20960.0,0.0016375,
Cu,0.0600671167602539,,Brazil ,31371.0,0.002450859375,
Cu,0.5625,,Bulgaria,96000.0,0.0075,
Cu,0.043945916076660166,,Burma,26833.0,0.002096328125,
Cu,23.468347608947756,,Canada,620085.0,0.048444140625,
Cu,1176.9187890624999,,Chile,4391200.0,0.3430625,
Cu,17.33941650390625,,China,533000.0,0.041640625,
Cu,0.0003214736938476564,,Colombia  ,2295.0,0.000179296875,
Cu,0.0625,,Congo,32000.0,0.0025,
Cu,7.251586914062501e-05,,Cuba ,1090.0,8.515625e-05,
Cu,0.0015283212890625003,,Cyprus,5004.0,0.0003909375,
Cu,6.103515625000001e-07,,Ecuador,100.0,7.8125e-06,
Cu,0.0067291259765625,,Finland,10500.0,0.0008203125,
Cu,0.002990722656250001,,Georgia,7000.0,0.000546875,
Cu,0.0,,Honduras  ,,,
Cu,0.07097229003906251,,India ,34100.0,0.0026640625,
Cu,35.81526884332275,,Indonesia,766027.0,0.059845859375,
Cu,1.21343994140625,,Iran,141000.0,0.011015625,
Cu,6.5761962890625e-05,,Japan,1038.0,8.109375e-05,
Cu,8.537353515625,,Kazakhstan  ,374000.0,0.02921875,
Cu,0.011962890625000003,,North Korea,14000.0,0.00109375,
Cu,0.0,,South Korea,,,
Cu,0.0063500976562499995,,Macedonia,10200.0,0.000796875,
Cu,0.0012915039062499998,,Malaysia,4600.0,0.000359375,
Cu,8.868484,,Mexico:,381184.0,0.02978,
Cu,0.9797906494140624,,Mongolia,126700.0,0.0098984375,
Cu,0.003663086486816406,,Morocco,7747.0,0.000605234375,
Cu,0.0,,Namibia,,,
Cu,0.0,,Norway,,,
Cu,2.15541395513916,,Papua New Guinea,187921.0,0.014681328125,
Cu,17.56048668023682,,Peru,536387.0,0.041905234375,
Cu,0.07306884765624998,,Philippines,34600.0,0.002703125,
Cu,13.0953515625,,Poland,463200.0,0.0361875,
Cu,0.6042633056640625,,Portugal ,99500.0,0.0077734375,
Cu,0.017240920959472654,,Romania,16807.0,0.001313046875,
Cu,17.144775390625,,Russia,530000.0,0.04140625,
Cu,4.114019775390626e-05,,Saudi Arabia ,821.0,6.4140625e-05,
Cu,0.16314025878906252,,Serbia and Montenegro,51700.0,0.0040390625,
Cu,9.384765624999999e-07,,Slovakia,124.0,9.6875e-06,
Cu,1.2702522686157227,,South Africa,144263.0,0.011270546875,
Cu,0.000184365478515625,,Spain,1738.0,0.00013578125,
Cu,0.30941406250000003,,Sweden,71200.0,0.0055625,
Cu,0.0,,Tanzania,,,
Cu,0.3257109741821289,,Turkey,73051.0,0.005707109375,
Cu,156.25,,United States,1600000.0,0.125,
Cu,0.25787353515625,,Uzbekistan,65000.0,0.005078125,
Cu,4.78515625,,Zambia,280000.0,0.021875,
Cu,0.0012420117797851563,,Zimbabwe,4511.0,0.000352421875,
Zn,0.015182202469634603,1018.8084617981555,Algeria ,9808.0,0.0012321608040201004,7960000.0
Zn,0.1845112598166713,,Argentina,34192.0,0.004295477386934673,
Zn,213.4682520643418,,Australia,1163000.0,0.14610552763819096,
Zn,3.378761245928133,,Bolivia,146316.0,0.01838140703517588,
Zn,1.4204186762960533e-05,,Bosnia and Herzegovina,300.0,3.768844221105528e-05,
Zn,1.5340502922905985,,Brazil,98590.0,0.012385678391959799,
Zn,0.016420039897982373,,Bulgaria,10200.0,0.0012814070351758794,
Zn,1.2285201131284562e-05,,Burma,279.0,3.5050251256281404e-05,
Zn,146.45895132714452,,Canada,963321.0,0.12102022613065326,
Zn,0.1642794956251105,,Chile ,32263.0,0.004053140703517588,
Zn,345.6983409509861,,China  ,1480000.0,0.18592964824120603,
Zn,0.0,,Congo,,,
Zn,1.5782429736622812e-06,,Ecuador,100.0,1.2562814070351759e-05,
Zn,0.06312971894649123,,Finland,20000.0,0.002512562814070352,
Zn,2.52518875785965e-05,,Georgia,400.0,5.0251256281407036e-05,
Zn,0.0607473865874599,,Greece,19619.0,0.0024646984924623114,
Zn,0.15260015924471604,,Honduras,31095.0,0.003906407035175879,
Zn,3.318255852124946,,India,145000.0,0.01821608040201005,
Zn,1.0100755031438597,,Iran,80000.0,0.010050251256281407,
Zn,8.061033812277469,,Ireland,226000.0,0.028391959798994976,
Zn,0.0,,Italy,,,
Zn,0.6517722357074318,,Japan,64263.0,0.008073241206030151,
Zn,13.11786476351607,,Kazakhstan ,288300.0,0.03621859296482412,
Zn,1.5782429736622816,,North Korea,100000.0,0.01256281407035176,
Zn,0.015256594530441151,,South Korea,9832.0,0.001235175879396985,
Zn,0.009849814398626295,,Macedonia  ,7900.0,0.0009924623115577888,
Zn,20.774699774153433,,Mexico,362811.0,0.04557927135678392,
Zn,1.9692621728302315,,Morocco,111703.0,0.014033040201005025,
Zn,0.19488453574404682,,Namibia,35140.0,0.004414572864321608,
Zn,127.70249276785938,,Peru,899524.0,0.11300552763819095,
Zn,3.7819499507588197,,Poland,154800.0,0.019447236180904524,
Zn,0.11113344612509786,,Romania,26536.0,0.0033336683417085427,
Zn,2.7499305573091593,,Russia ,132000.0,0.016582914572864323,
Zn,0.0015769679111638597,,Saudi Arabia  ,3161.0,0.0003971105527638191,
Zn,0.00015782429736622814,,Serbia and Montenegro ,1000.0,0.0001256281407035176,
Zn,0.7674508359953031,,South Africa,69733.0,0.008760427135678392,
Zn,1.9096739981313606,,Spain,110000.0,0.013819095477386936,
Zn,4.800282821140881,,Sweden,174400.0,0.02190954773869347,
Zn,0.09090679528294739,,Thailand  ,24000.0,0.003015075376884422,
Zn,0.3799576330143178,,Tunisia,49066.0,0.006164070351758794,
Zn,4.687776192520392e-05,,Turkey,545.0,6.846733668341709e-05,
Zn,114.56528875533446,,United States,852000.0,0.10703517587939698,
Zn,0.0511350723466579,,Vietnam,18000.0,0.0022613065326633165,
Ga,1067.9653124866502,1743.3465761032078,Australia,50.0,0.32679738562091504,153.0
Ga,27.339911999658252,,China,8.0,0.05228758169934641,
Ga,170.8744499978641,,France,20.0,0.13071895424836602,
Ga,170.8744499978641,,Germany,20.0,0.13071895424836602,
Ga,6.834977999914563,,Hungary,4.0,0.026143790849673203,
Ga,20.932120124738347,,Japan,7.0,0.0457516339869281,
Ga,170.8744499978641,,Kazakhstan,20.0,0.13071895424836602,
Ga,96.11687812379856,,Russia,15.0,0.09803921568627451,
Ga,3.8446751249519413,,Slovakia,3.0,0.0196078431372549,
Ga,3.8446751249519413,,Ukraine,3.0,0.0196078431372549,
Ga,3.8446751249519413,,United States,3.0,0.0196078431372549,
As,12.877452439275656,2206.820190700762,Belgium    ,1500.0,0.03588516746411483,41800.0
As,1.09297520661157,,Bolivia,437.0,0.010454545454545454,
As,0.3577070122021016,,Canada ,250.0,0.005980861244019139,
As,366.29198049495204,,Chile  ,8000.0,0.19138755980861244,
As,1465.1679219798082,,China ,16000.0,0.3827751196172249,
As,5.723312195233626,,France,1000.0,0.023923444976076555,
As,0.0,,Georgia ,,,
As,0.22893248780934503,,Germany ,200.0,0.004784688995215311,
As,280.4422975664477,,Ghana,7000.0,0.1674641148325359,
As,0.5150980975710263,,Iran ,300.0,0.007177033492822967,
As,0.0091572995123738,,Japan ,40.0,0.0009569377990430622,
As,12.877452439275656,,Kazakhstan ,1500.0,0.03588516746411483,
As,33.49031043245346,,Mexico,2419.0,0.057870813397129184,
As,0.0,,Namibia ,,,
As,14.853832329845927,,Peru,1611.0,0.03854066985645933,
As,0.014308280488084064,,Portugal ,50.0,0.0011961722488038277,
As,12.877452439275656,,Russia ,1500.0,0.03588516746411483,
Se,201.19712288114283,2432.4369907348723,Belgium,200000.0,0.14184397163120568,1410000.0
Se,648.262159851114,,Canada,359000.0,0.25460992907801416,
Se,12.076857300940599,,Chile,49000.0,0.03475177304964539,
Se,3.4002313766913135,,Finland,26000.0,0.018439716312056736,
Se,50.29928072028571,,Germany,100000.0,0.07092198581560284,
Se,0.6652079875257783,,India,11500.0,0.008156028368794326,
Se,1501.1063289774158,,Japan,546292.0,0.38744113475177305,
Se,2.662683285549017,,Peru,23008.0,0.0163177304964539,
Se,8.047884915245712,,Philippines,40000.0,0.028368794326241134,
Se,2.02809919018158,,Serbia and Montenegro,20080.0,0.014241134751773049,
Se,2.011971228811428,,Sweden,20000.0,0.014184397163120567,
Se,0.0,,United States,,,
Se,0.6791630199688143,,Zambia,11620.0,0.008241134751773049,
Se,0.0,,Zimbabwe,,,
Br,0.13368581827418294,3178.060319041205,Azerbaijan,2000.0,0.003656307129798903,547000.0
Br,58.95544585891468,,China,42000.0,0.07678244972577697,
Br,0.12708508099689517,,France,1950.0,0.0035648994515539304,
Br,0.008355363642136434,,Germany,500.0,0.0009140767824497258,
Br,0.07519827277922789,,India,1500.0,0.002742230347349177,
Br,1094.920273120127,,Israel,181000.0,0.33089579524680074,
Br,0.0030079309111691157,,Italy,300.0,0.0005484460694698354,
Br,13.368581827418293,,Japan,20000.0,0.03656307129798903,
Br,0.0,,Jordan,,,
Br,0.0003342145456854573,,Spain,100.0,0.00018281535648994517,
Br,0.0007519827277922789,,Turkmenistan,150.0,0.0002742230347349177,
Br,0.30079309111691155,,Ukraine,3000.0,0.005484460694698354,
Br,101.09990006985082,,United Kingdom,55000.0,0.10054844606946983,
Br,1909.0669064099004,,United States,239000.0,0.4369287020109689,
Sr,0.3576574545114073,3690.1284221778346,Argentina,2141.0,0.005980446927374302,358000.0
Sr,0.2124231453450267,,Iran,1650.0,0.004608938547486034,
Sr,2116.051396960145,,Mexico,164682.0,0.4600055865921788,
Sr,0.0,,Morocco,,,
Sr,0.03136262913142537,,Pakistan ,634.0,0.0017709497206703912,
Sr,1287.506698370837,,Spain,128457.0,0.3588184357541899,
Sr,285.9688836178646,,Turkey,60540.0,0.16910614525139664,
Rare Earths,7358.948481353325,7432.670502330833,China,70000.0,0.8578431372549019,81600.0
Rare Earths,6.00730488273741,,Commonwealth of Independent States,2000.0,0.024509803921568627,
Rare Earths,10.948313148788928,,India,2700.0,0.03308823529411765,
Rare Earths,56.158125780949625,,Kyrgyzstan,6115.0,0.07493872549019608,
Rare Earths,0.586650867454825,,Malaysia,625.0,0.007659313725490196,
Rare Earths,0.021626297577854673,,Sri Lanka,120.0,0.0014705882352941176,
Rare Earths,0.0,,United States,,,
Zr,2845.5011712652536,3948.5234168931556,Australia,359000.0,0.5334323922734027,673000.0
Zr,16.286561469899254,,Brazil,27160.0,0.04035661218424963,
Zr,4.9676660138785556,,China,15000.0,0.022288261515601784,
Zr,7.970344137822927,,India,19000.0,0.02823179791976226,
Zr,0.0013799072260773763,,Indonesia ,250.0,0.0003714710252600297,
Zr,0.06862375780751509,,Malaysia,1763.0,0.0026196136701337296,
Zr,1.020910562141086,,Russia,6800.0,0.010104011887072809,
Zr,1058.9076875183525,,South Africa,219000.0,0.32540861812778604,
Zr,0.0,,Sri Lanka,,,
Zr,0.0,,Thailand,,,
Zr,13.799072260773764,,Ukraine,25000.0,0.03714710252600297,
Zr,0.0,,United States,,,
Nb,0.3238812875933637,8018.7762905677855,Australia,140.0,0.005691056910569106,24600.0
Nb,7925.342058298633,,Brazil,21900.0,0.8902439024390244,
Nb,0.0,,Burundi,,,
Nb,92.8167757287329,,Canada,2370.0,0.09634146341463415,
Nb,0.0,,Congo,,,
Nb,0.0004131138872364333,,Ethiopia,5.0,0.0002032520325203252,
Nb,0.0,,Mozambique,,,
Nb,0.0,,Namibia,,,
Nb,0.2581961795227708,,Nigeria,125.0,0.00508130081300813,
Nb,0.034965959415691715,,Rwanda,46.0,0.0018699186991869919,
Nb,0.0,,Uganda,,,
Nb,0.0,,Zimbabwe,,,
Mo,4.711255333213147,2150.1935142118864,Armenia,2800.0,0.021705426356589147,129000.0
Mo,23.47364942010697,,Canada,6250.0,0.04844961240310078,
Mo,448.15905354245535,,Chile,27309.0,0.21169767441860465,
Mo,530.0703082747432,,China,29700.0,0.2302325581395349,
Mo,1.53836908839613,,Iran,1600.0,0.012403100775193798,
Mo,0.01443723333934259,,Kazakhstan ,155.0,0.0012015503875968993,
Mo,0.03755783907217115,,Kyrgyzstan,250.0,0.001937984496124031,
Mo,38.08516375217835,,Mexico,7961.0,0.061713178294573644,
Mo,2.1922360435070005,,Mongolia ,1910.0,0.014806201550387596,
Mo,17.980229553512405,,Peru,5470.0,0.0424031007751938,
Mo,3.4613304488912924,,Russia,2400.0,0.018604651162790697,
Mo,1080.3196923261823,,United States,42400.0,0.32868217054263565,
Mo,0.1502313562886846,,Uzbekistan,500.0,0.003875968992248062,
Platinum Group Metals,1.95562744140625,5912.354072570801,Canada,716.0,0.013984375,51200.0
Platinum Group Metals,684.967041015625,,Russia,13400.0,0.26171875,
Platinum Group Metals,5225.426181793213,,South Africa ,37011.0,0.72287109375,
Platinum Group Metals,0.005222320556640625,,Zimbabwe,37.0,0.00072265625,
Pd,0.2920292969606596,3542.593755537037,Australia,816.0,0.005403973509933775,151000.0
Pd,35.04483180562257,,Canada  ,8939.0,0.059198675496688745,
Pd,0.009867988246129554,,Finland,150.0,0.0009933774834437086,
Pd,12.571955615981754,,Japan,5354.0,0.035456953642384104,
Pd,6.315512477522916e-05,,Poland,12.0,7.947019867549669e-05,
Pd,1968.773299416692,,Russia,67000.0,0.44370860927152317,
Pd,0.00027411078461470994,,Serbia and Montenegro,25.0,0.00016556291390728477,
Pd,1483.7291767904912,,South Africa  ,58164.0,0.3851920529801324,
Pd,42.12095960703477,,United States,9800.0,0.06490066225165562,
Pd,0.05129775009867989,,Zimbabwe ,342.0,0.0022649006622516557,
Ag,6.702917136896821e-05,872.9680671640507,Algeria,1.4,8.187134502923976e-05,17100.0
Ag,0.18618467990150814,,Argentina,73.785,0.004314912280701754,
Ag,0.0,,Armenia,,,
Ag,101.17301049895694,,Australia,1720.0,0.10058479532163743,
Ag,6.104424953455766,,Bolivia,422.492,0.02470713450292398,
Ag,0.06032625423207141,,Brazil,42.0,0.002456140350877193,
Ag,0.021374098013063846,,Bulgaria,25.0,0.0014619883040935672,
Ag,0.0005941049895694402,,Burma,4.168,0.00024374269005847954,
Ag,47.13505010088574,,Canada ,1174.0,0.06865497076023391,
Ag,65.19485877777778,,Chile,1380.711,0.08074333333333333,
Ag,59.58756540473992,,China,1320.0,0.07719298245614035,
Ag,0.001971671591258849,,Colombia ,7.593,0.00044403508771929826,
Ag,0.0,,Congo,,,
Ag,0.0,,Costa Rica,,,
Ag,0.0003371840908313669,,Dominican Republic,3.14,0.00018362573099415204,
Ag,0.00013679422728360866,,Ecuador,2.0,0.00011695906432748539,
Ag,0.0,,El Salvador,,,
Ag,1.6234773092575492e-05,,Ethiopia,0.689,4.029239766081871e-05,
Ag,0.00015500978078725078,,Fiji,2.129,0.0001245029239766082,
Ag,0.03393351800554016,,Finland ,31.5,0.0018421052631578947,
Ag,4.4444444444444426e-05,,France,1.14,6.666666666666666e-05,
Ag,0.000533582982798126,,Ghana ,3.95,0.00023099415204678363,
Ag,0.07164544444444444,,Greece,45.771,0.0026766666666666666,
Ag,0.04978117742211278,,Honduras,38.153,0.0022311695906432746,
Ag,0.09972299168975068,,India,54.0,0.003157894736842105,
Ag,2.8405061386409485,,Indonesia,288.2,0.01685380116959064,
Ag,0.015081563558017853,,Iran,21.0,0.0012280701754385965,
Ag,0.008005540166204986,,Ireland ,15.3,0.0008947368421052632,
Ag,0.003419855682090216,,Italy,10.0,0.0005847953216374269,
Ag,0.0,,Jamaica,,,
Ag,0.30220416593139776,,Japan,94.004,0.005497309941520468,
Ag,27.98744115235457,,Kazakhstan ,904.644,0.05290315789473684,
Ag,0.05471769091344346,,North Korea,40.0,0.0023391812865497076,
Ag,0.0,,South Korea,,,
Ag,0.016552101501316644,,Macedonia,22.0,0.0012865497076023392,
Ag,0.0004793795013850415,,Malaysia ,3.744,0.00021894736842105263,
Ag,3.4198556820902165e-05,,Mali,1.0,5.847953216374269e-05,
Ag,208.13225451800562,,Mexico,2466.981,0.14426789473684212,
Ag,0.013542970486645463,,Mongolia,19.9,0.0011637426900584795,
Ag,2.6430012653466015,,Morocco,278.0,0.016257309941520467,
Ag,0.003197869429910057,,Namibia,9.67,0.0005654970760233918,
Ag,0.020207204404774116,,New Zealand,24.308,0.0014215204678362573,
Ag,0.00010835470743134639,,Nicaragua,1.78,0.00010409356725146198,
Ag,0.00038746814404432136,,Oman ,3.366,0.0001968421052631579,
Ag,0.00013679422728360866,,Panama,2.0,0.00011695906432748539,
Ag,0.15142566136589036,,Papua New Guinea,66.542,0.003891345029239766,
Ag,170.21856297664243,,Peru                           ,2231.0,0.13046783625730995,
Ag,0.010544047091412746,,Philippines,17.559,0.001026842105263158,
Ag,41.38025375329161,,Poland,1100.0,0.06432748538011696,
Ag,0.024015936527478545,,Portugal,26.5,0.0015497076023391813,
Ag,0.08577019937758626,,Romania,50.08,0.0029286549707602336,
Ag,4.809172052939365,,Russiae,375.0,0.021929824561403508,
Ag,0.0037488765774084344,,Saudi Arabia,10.47,0.000612280701754386,
Ag,0.0019977240518450124,,Serbia and Montenegro ,7.643,0.00044695906432748537,
Ag,0.0001563231079648439,,Solomon Islands ,2.138,0.00012502923976608188,
Ag,0.7896972634656818,,South Africa,151.959,0.008886491228070175,
Ag,0.3151738996614343,,Spain,96.0,0.005614035087719298,
Ag,0.0,,Sudan,,,
Ag,2.7602616189596803,,Sweden,284.1,0.0166140350877193,
Ag,0.0,,Tanzania,,,
Ag,0.000854963920522554,,Tajikistan,5.0,0.00029239766081871346,
Ag,0.0005471769091344346,,Tunisia ,4.0,0.00023391812865497077,
Ag,0.34198556820902154,,Turkey,100.0,0.005847953216374269,
Ag,130.04001231148044,,United States,1950.0,0.11403508771929824,
Ag,0.2690636435142437,,Uzbekistan ,88.7,0.005187134502923977,
Ag,0.0008929961355630793,,Zambia,5.11,0.00029883040935672515,
Ag,0.0009179836872883965,,Zimbabwe,5.181,0.0003029824561403509,
Cd,0.0025000000000000005,711.952,Algeria,10.0,0.0005,20000.0
Cd,0.0,,Argentina,,,
Cd,5.3361,,Australia,462.0,0.0231,
Cd,38.130624999999995,,Belgium,1235.0,0.06175,
Cd,2.25,,Brazil,300.0,0.015,
Cd,0.5625,,Bulgaria,150.0,0.0075,
Cd,91.298025,,Canada,1911.0,0.09555,
Cd,115.5625,,China,2150.0,0.1075,
Cd,12.250000000000004,,Finland,700.0,0.035,
Cd,0.9506249999999999,,France,195.0,0.00975,
Cd,32.775625000000005,,Germany,1145.0,0.05725,
Cd,1.8090249999999999,,India,269.0,0.01345,
Cd,3.2399999999999993,,Italy,360.0,0.018,
Cd,164.73722499999997,,Japan,2567.0,0.12835,
Cd,38.812900000000006,,Kazakhstan,1246.0,0.0623,
Cd,0.25,,North Korea,100.0,0.005,
Cd,80.192025,,South Korea,1791.0,0.08955,
Cd,0.0,,Macedonia,,,
Cd,40.640625,,Mexico,1275.0,0.06375,
Cd,13.359024999999999,,Netherlands,731.0,0.03655,
Cd,1.113025,,Norway,211.0,0.01055,
Cd,5.4289000000000005,,Peru,466.0,0.0233,
Cd,0.0,,Poland,,,
Cd,20.25,,Russiae,900.0,0.045,
Cd,0.0,,Serbia and Montenegro,,,
Cd,0.0,,Spain,,,
Cd,0.0,,Thailand,,,
Cd,0.1024,,Turkey,64.0,0.0032,
Cd,0.015625,,Ukraine,25.0,0.00125,
Cd,7.480224999999999,,United Kingdom,547.0,0.02735,
Cd,35.40249999999999,,United States,1190.0,0.0595,
Sn,16.560929506246282,2103.2839192940705,Australia,10011.0,0.040695121951219514,246000.0
Sn,25.477871802498516,,Bolivia,12417.0,0.050475609756097564,
Sn,28.801111111111116,,Brazil,13202.0,0.05366666666666667,
Sn,0.0036686165642144226,,Burma,149.0,0.0006056910569105691,
Sn,5.3539559785841755e-05,,Burundi,18.0,7.317073170731707e-05,
Sn,1060.2171326591315,,China,80100.0,0.325609756097561,
Sn,0.0004131138872364333,,Congo,50.0,0.0002032520325203252,
Sn,376.8333194527068,,Indonesia ,47754.0,0.1941219512195122,
Sn,0.010327847180910836,,Kyrgyzstan,250.0,0.0010162601626016261,
Sn,0.026970718487672688,,Laos ,404.0,0.0016422764227642277,
Sn,8.900277777777777,,Malaysia,7339.0,0.029833333333333333,
Sn,2.643928878313173e-06,,Mexico ,4.0,1.6260162601626015e-05,
Sn,0.0,,Mongolia ,,,
Sn,0.00016921144821204306,,Niger,32.0,0.00013008130081300812,
Sn,1.7995240928019038,,Nigeria,3300.0,0.013414634146341463,
Sn,578.9501092273118,,Peru,59191.0,0.2406138211382114,
Sn,0.7997884856897352,,Portugal ,2200.0,0.00894308943089431,
Sn,1.0327847180910832,,Russia,2500.0,0.01016260162601626,
Sn,0.01016326260823584,,Rwanda,248.0,0.001008130081300813,
Sn,6.609822195782932e-07,,Spaine,2.0,8.130081300813007e-06,
Sn,1.2153718024985125,,Thailand,2712.0,0.011024390243902438,
Sn,0.0,,Uganda,,,
Sn,0.0,,United Kingdom,,,
Sn,2.643928878313174,,Vietnam,4000.0,0.016260162601626018,
Sn,1.652455548945733e-07,,Zimbabwe,1.0,4.065040650406504e-06,
Sb,2.4622595859900427,7062.957163071013,Australia,1679.0,0.01569158878504673,107000.0
Sb,6.798934404751508,,Bolivia,2790.0,0.026074766355140187,
Sb,0.11131889247969255,,Canada,357.0,0.003336448598130841,
Sb,7012.105860773869,,China,89600.0,0.8373831775700935,
Sb,0.0,,Guatemala ,,,
Sb,0.008734387282732119,,Kyrgyzstan,100.0,0.0009345794392523365,
Sb,0.013866713250065507,,Mexico,126.0,0.0011775700934579438,
Sb,0.054589920517075716,,Morocco,250.0,0.002336448598130841,
Sb,0.056795353305965586,,Peru,255.0,0.002383177570093458,
Sb,13.975019652371383,,Russia,4000.0,0.037383177570093455,
Sb,24.33163071010569,,South Africa,5278.0,0.04932710280373832,
Sb,2.8299414796052056,,Tajikistan,1800.0,0.016822429906542057,
Sb,0.00304044021311905,,Thailand,59.0,0.0005514018691588785,
Sb,0.028299414796052053,,Turkey,180.0,0.0016822429906542056,
Sb,0.17687134247532535,,United States,450.0,0.004205607476635514,
Te,3043.995243757431,4186.137101664684,Canada,64000.0,0.5517241379310345,116000.0
Te,924.5793579072533,,Japan,35272.0,0.3040689655172414,
Te,217.5625,,Peru,17110.0,0.1475,
Te,0.0,,United States,,,
I,2.6583175803402646,3772.91980741966,Azerbaijan,300.0,0.016304347826086956,18400.0
I,2563.9912866257096,,Chile,9317.0,0.506358695652174,
I,7.38421550094518,,China,500.0,0.02717391304347826,
I,0.16174385633270322,,Indonesia  ,74.0,0.004021739130434783,
I,1117.884688090737,,Japan,6152.0,0.3343478260869565,
I,2.6583175803402646,,Russia,300.0,0.016304347826086956,
I,0.6645793950850661,,Turkmenistan,150.0,0.008152173913043478,
I,77.51654064272212,,United States,1620.0,0.08804347826086957,
I,0.00011814744801512286,,Uzbekistan,2.0,0.00010869565217391305,
Ba,0.0010541406645302746,3382.1847909177873,Afghanistan,2000.0,0.0003246753246753247,6160000.0
Ba,0.6627968723646483,,Algeria,50150.0,0.008141233766233767,
Ba,0.005021194815736212,,Argentina,4365.0,0.0007086038961038961,
Ba,0.08538539382695226,,Australia,18000.0,0.002922077922077922,
Ba,0.23718164951931187,,Belgium,30000.0,0.00487012987012987,
Ba,0.009503084679119584,,Bolivia,6005.0,0.0009748376623376624,
Ba,0.0010541406645302746,,Bosnia and Herzegovina,2000.0,0.0003246753246753247,
Ba,0.5314315325096981,,Brazil,44906.0,0.007289935064935065,
Ba,3.79490639230899,,Bulgaria,120000.0,0.01948051948051948,
Ba,0.1601428890306123,,Burma,24651.0,0.004001785714285715,
Ba,3.9870235284196323,,Canada,123000.0,0.019967532467532467,
Ba,0.00017850001054140664,,Chile,823.0,0.0001336038961038961,
Ba,3228.3057851239673,,China,3500000.0,0.5681818181818182,
Ba,9.487265980772474e-05,,Colombia,600.0,9.74025974025974e-05,
Ba,2.3718164951931185e-05,,Egypt,300.0,4.87012987012987e-05,
Ba,1.4823853094956996,,France ,75000.0,0.012175324675324676,
Ba,0.059295412379827966,,Georgia,15000.0,0.002435064935064935,
Ba,3.79490639230899,,Germany,120000.0,0.01948051948051948,
Ba,0.000168662506324844,,Greece,800.0,0.00012987012987012987,
Ba,1.482385309495699e-06,,Guatemala,75.0,1.2175324675324675e-05,
Ba,34.1541575307809,,India,360000.0,0.05844155844155844,
Ba,8.907705372954968,,Iran,183850.0,0.02984577922077922,
Ba,0.16470947883285542,,Italy,25000.0,0.004058441558441558,
Ba,0.046616735537190084,,Kazakhstan,13300.0,0.002159090909090909,
Ba,1.291322314049587,,Kenya,70000.0,0.011363636363636364,
Ba,0.0,,North Korea,,,
Ba,0.011479591836734696,,South Korea,6600.0,0.0010714285714285715,
Ba,0.04807198621184011,,Laos,13506.0,0.0021925324675324677,
Ba,6.574978445195226,,Malaysia,157953.0,0.025641720779220778,
Ba,28.51577337688691,,Mexico,328945.0,0.05340016233766234,
Ba,0.006588379153314218,,Morocco,5000.0,0.0008116883116883117,
Ba,0.11080468486464834,,Nigeria,20505.0,0.003328733766233766,
Ba,0.003250480688143026,,Pakistan,3512.0,0.0005701298701298701,
Ba,6.588379153314216e-05,,Peru,500.0,8.116883116883117e-05,
Ba,0.005676252582644629,,Romania,4641.0,0.0007534090909090909,
Ba,0.9487265980772475,,Russia,60000.0,0.00974025974025974,
Ba,0.012913223140495866,,Saudi Arabia,7000.0,0.0011363636363636363,
Ba,0.06746500252993758,,Slovakia,16000.0,0.0025974025974025974,
Ba,0.0021315609714960366,,South Africa,2844.0,0.0004616883116883117,
Ba,0.17814977230561643,,Spain,26000.0,0.0042207792207792205,
Ba,1.525866625906561,,Thailand,76092.0,0.012352597402597403,
Ba,7.402702816663855e-05,,Tunisia,530.0,8.603896103896104e-05,
Ba,5.934127636405804,,Turkey,150058.0,0.024360064935064936,
Ba,0.9173659133074716,,United Kingdom,59000.0,0.009577922077922078,
Ba,49.63842975206611,,United States,434000.0,0.07045454545454545,
Ta,2846.612879238549,3599.41998810232,Australia,350.0,0.5335365853658537,656.0
Ta,632.6451888756692,,Brazil,165.0,0.25152439024390244,
Ta,2.3237656157049376,,Burundi,10.0,0.01524390243902439,
Ta,67.761005353956,,Canada,54.0,0.08231707317073171,
Ta,0.0,,Congo,,,
Ta,19.542868828078525,,Ethiopia,29.0,0.04420731707317073,
Ta,0.0,,Mozambique,,,
Ta,0.0,,Namibia,,,
Ta,5.22847263533611,,Nigeria,15.0,0.022865853658536585,
Ta,25.305807555026778,,Rwanda,33.0,0.05030487804878049,
Ta,0.0,,Uganda,,,
Ta,0.0,,Zimbabwe,,,
W,18.237657339459226,6913.530532122226,Austria,1610.0,0.04270557029177719,37700.0
W,0.7848925975698134,,Bolivia,334.0,0.008859416445623342,
W,0.0011890606420927466,,Brazil,13.0,0.0003448275862068965,
W,0.053254437869822494,,Burma,87.0,0.002307692307692308,
W,0.0,,Canada,,,
W,6805.155879517903,,China,31100.0,0.8249336870026526,
W,1.7589654468827616,,North Korea,500.0,0.013262599469496022,
W,0.0008513392762912566,,Mexico,11.0,0.0002917771883289125,
W,0.005129143243110133,,Mongolia,27.0,0.0007161803713527852,
W,0.0,,Peru,,0.0,
W,1.3252467828521977,,Portugal,434.0,0.011511936339522546,
W,86.18930689725532,,Russia,3500.0,0.09283819628647215,
W,0.011827283664839688,,Rwanda,41.0,0.0010875331564986737,
W,0.0063322756087779404,,Thailand,30.0,0.0007957559681697613,
W,0.0,,Uganda,,,
W,0.0,,Uzbekistan,,,
Re,3.9323002351355036,2574.0516335096177,Armenia,700.0,0.019830028328611898,35300.0
Re,20.544262452952836,,Canada,1600.0,0.0453257790368272,
Re,1928.0308805944992,,Chile,15500.0,0.43909348441926344,
Re,46.224590519143895,,Kazakhstan,2400.0,0.0679886685552408,
Re,184.89836207657558,,Peru,4800.0,0.1359773371104816,
Re,9.710374050028488,,Russia,1100.0,0.031161473087818695,
Re,308.48494089511996,,United States,6200.0,0.17563739376770537,
Re,0.0,,Uzbekistan,,,
Re,72.22592268616232,,Other,3000.0,0.08498583569405099,
Pt,0.0030116002379535997,5867.224964678763,Australia,90.0,0.0005487804878048781,164000.0
Pt,11.923545880428318,,Canada  ,5663.0,0.03453048780487805,
Pt,0.07462224866151099,,Colombia,448.0,0.0027317073170731706,
Pt,0.0929506246281975,,Finland,500.0,0.003048780487804878,
Pt,0.2019515913146936,,Japan,737.0,0.00449390243902439,
Pt,0.0001639649018441404,,Poland,21.0,0.00012804878048780488,
Pt,380.725758477097,,Russia,32000.0,0.1951219512195122,
Pt,9.29506246281975e-06,,Serbia and Montenegro,5.0,3.048780487804878e-05,
Pt,5470.947507436051,,South Africa  ,121304.0,0.7396585365853658,
Pt,3.170136823319452,,United States,2920.0,0.017804878048780486,
Pt,0.08530673706127304,,Zimbabwe  ,479.0,0.002920731707317073,
Au,0.0,826.2864439310208,Algeria,,,2570000.0
Au,2.2459162515708035,,Argentina,38515.0,0.0149863813229572,
Au,0.00024224439431331284,,Armenia,400.0,0.0001556420233463035,
Au,137.23621084346473,,Australia,301070.0,0.11714785992217899,
Au,5.45049887204954e-08,,Belize,6.0,2.3346303501945527e-06,
Au,3.4065617950309616e-07,,Benin,15.0,5.8365758754863816e-06,
Au,0.2103846295931808,,Bolivia,11788.0,0.004586770428015564,
Au,6.056109857832822e-09,,Botswana,2.0,7.782101167315175e-07,
Au,4.194367751215006,,Brazil,52634.0,0.020480155642023348,
Au,0.0016187315477902765,,Bulgaria,1034.0,0.00040233463035019453,
Au,0.0011433344940877225,,Burkina Faso,869.0,0.00033813229571984433,
Au,0.0,,Burundi  ,,,
Au,0.00010793350391376098,,Burma,267.0,0.00010389105058365758,
Au,0.0015140274644582052,,Cameroon,1000.0,0.0003891050583657588,
Au,37.61316399794092,,Canada,157617.0,0.061329571984435796,
Au,2.545080167754243e-06,,Central African Republic,41.0,1.595330739299611e-05,
Au,3.498355404321035,,Chile,48069.0,0.01870389105058366,
Au,45.313327983769625,,China,173000.0,0.06731517509727626,
Au,2.9108077472785356,,Colombia,43847.0,0.017061089494163423,
Au,7.129403927387244e-05,,Congo,217.0,8.443579766536966e-05,
Au,4.121939771987463e-05,,Costa Rica,165.0,6.42023346303502e-05,
Au,0.011176685491074808,,Cote d'Ivoire,2717.0,0.0010571984435797665,
Au,0.0015140274644582052,,Cuba,1000.0,0.0003891050583657588,
Au,0.0006416463534648517,,Dominican Republic,651.0,0.00025330739299610894,
Au,0.0062145921967024466,,Ecuador,2026.0,0.0007883268482490272,
Au,7.632212448333811e-06,,El Salvador,71.0,2.762645914396887e-05,
Au,0.0003785068661145513,,Equatorial Guinea,500.0,0.0001945525291828794,
Au,0.0004317340156550439,,Eritrea,534.0,0.00020778210116731516,
Au,0.03642602461808657,,Ethiopia,4905.0,0.0019085603112840466,
Au,0.029685815076685485,,Fiji,4428.0,0.0017229571984435797,
Au,0.05270329603779012,,Finland,5900.0,0.0022957198443579767,
Au,0.01962179593937834,,France,3600.0,0.0014007782101167316,
Au,0.012031614407485352,,French Guiana,2819.0,0.001096887159533074,
Au,7.4187345758452054e-06,,Gabon,70.0,2.7237354085603113e-05,
Au,0.006056109857832821,,Georgia,2000.0,0.0007782101167315176,
Au,9.67669899014368,,Ghana,79946.0,0.03110739299610895,
Au,0.0299680555345274,,Guatemala,4449.0,0.0017311284046692607,
Au,0.218056293055156,,Guinea ,12001.0,0.0046696498054474705,
Au,0.2521446577540917,,Guyana ,12905.0,0.005021400778210117,
Au,0.0011697996941664524,,Honduras,879.0,0.00034202334630350194,
Au,0.009462671652863783,,India,2500.0,0.0009727626459143969,
Au,24.490559820739154,,Indonesia,127184.0,0.049487937743190664,
Au,0.001309482354009902,,Iran ,930.0,0.00036186770428015566,
Au,0.0007418734575845206,,Italy,700.0,0.00027237354085603115,
Au,0.0,,Jamaica,,,
Au,0.13392182319187268,,Japan,9405.0,0.003659533073929961,
Au,0.6199877303214281,,Kazakhstan  ,20236.0,0.007873929961089494,
Au,0.0014838983179154871,,Kenya,990.0,0.0003852140077821012,
Au,0.009462671652863783,,North Korea,2500.0,0.0009727626459143969,
Au,1.0023359929749125,,South Korea,25730.0,0.010011673151750973,
Au,0.6056109857832821,,Kyrgyzstan,20000.0,0.007782101167315175,
Au,9.462671652863783e-07,,Liberia,25.0,9.72762645914397e-06,
Au,9.689775772532516e-08,,Madagascar ,8.0,3.11284046692607e-06,
Au,0.01801026662023649,,Malaysia,3449.0,0.0013420233463035018,
Au,0.8495531257097004,,Mali,23688.0,0.009217120622568093,
Au,0.854365736044452,,Mexico,23755.0,0.0092431906614786,
Au,0.15585597965147088,,Mongolia,10146.0,0.003947859922178988,
Au,0.0,,Morocco,,,
Au,5.465639146694121e-07,,Mozambique,19.0,7.392996108949416e-06,
Au,0.006086428257808597,,Namibia,2005.0,0.0007801556420233463,
Au,0.1113793229269179,,New Zealand,8577.0,0.003337354085603113,
Au,0.029954585232176114,,Nicaragua,4448.0,0.001730739299610895,
Au,6.676861118260687e-07,,Niger,21.0,8.171206225680935e-06,
Au,2.422443943133128e-06,,Nigeria,40.0,1.556420233463035e-05,
Au,0.0005396130145800845,,Oman,597.0,0.000232295719844358,
Au,0.003406561795030962,,Panama,1500.0,0.0005836575875486381,
Au,6.5446380853608686,,Papua New Guinea,65747.0,0.02558249027237354,
Au,24.994552825932267,,Peru,128486.0,0.04999455252918288,
Au,1.4578918091114175,,Philippines,31031.0,0.01207431906614786,
Au,0.0003620357613287105,,Poland,489.0,0.00019027237354085603,
Au,0.01854683643961301,,Romania,3500.0,0.0013618677042801556,
Au,23.987126073066968,,Russia,125870.0,0.048976653696498056,
Au,1.514027464458205e-07,,Rwanda,10.0,3.891050583657587e-06,
Au,0.031620312192463175,,Saudi Arabia,4570.0,0.0017782101167315176,
Au,0.0004579933079986071,,Senegal,550.0,0.0002140077821011673,
Au,0.0024036700025738466,,Serbia and Montenegro  ,1260.0,0.0004902723735408561,
Au,0.0,,Sierra Leone,,,
Au,0.00019950188496419328,,Slovakia,363.0,0.00014124513618677043,
Au,0.018083447137731083,,Solomon Islands ,3456.0,0.0013447470817120623,
Au,308.36453239261755,,South Africa,451300.0,0.17560311284046692,
Au,0.039086982391860585,,Spain,5081.0,0.0019770428015564202,
Au,0.04690510984269255,,Sudan ,5566.0,0.002165758754863813,
Au,0.0001362624718012385,,Suriname,300.0,0.00011673151750972762,
Au,0.029311571711910855,,Sweden ,4400.0,0.0017120622568093384,
Au,2.558706414934367e-07,,Taiwan ,13.0,5.058365758754864e-06,
Au,0.011037260215900313,,Tajikistan,2700.0,0.0010505836575875485,
Au,0.03440519765628548,,Tanzania ,4767.0,0.001854863813229572,
Au,0.0,,Thailand,,,
Au,0.002180199548819816,,Turkey,1200.0,0.0004669260700389105,
Au,3.785068661145512e-08,,Uganda,5.0,1.9455252918287936e-06,
Au,176.05262759466459,,United States,341000.0,0.13268482490272374,
Au,0.008720798195279263,,Uruguay,2400.0,0.000933852140077821,
Au,10.938848430710534,,Uzbekistan  ,85000.0,0.033073929961089495,
Au,0.05352831382761283,,Venezuela,5946.0,0.0023136186770428015,
Au,0.003406561795030962,,Vietnam,1500.0,0.0005836575875486381,
Au,0.0007418734575845206,,Zambia,700.0,0.00027237354085603115,
Au,1.1588480612878314,,Zimbabwe,27666.0,0.010764980544747081,
Hg,330.5785123966943,2185.1411845730026,Algeria,240.0,0.18181818181818182,1320.0
Hg,229.56841138659323,,China,200.0,0.15151515151515152,
Hg,9.182736455463727,,Finland,40.0,0.030303030303030304,
Hg,516.5289256198347,,Kyrgyzstan,300.0,0.22727272727272727,
Hg,1.291322314049587,,Mexico,15.0,0.011363636363636364,
Hg,0.573921028466483,,Morocco,10.0,0.007575757575757576,
Hg,14.348025711662077,,Russia,50.0,0.03787878787878788,
Hg,0.0,,Slovakia,,,
Hg,0.0,,Slovenia,,,
Hg,1076.038797061524,,Spain,433.0,0.328030303030303,
Hg,7.030532598714416,,Tajikistan,35.0,0.026515151515151516,
Hg,0.0,,Ukraine,,,
Hg,0.0,,United States,,,
Pb,0.0015765570934256053,1274.907696736298,Algeria,1215.0,0.00039705882352941176,3060000.0
Pb,0.24856415908411295,,Argentina,15256.0,0.0049856209150326795,
Pb,495.28066128412144,,Australia,681000.0,0.22254901960784312,
Pb,0.11008950510487417,,Bolivia,10153.0,0.00331797385620915,
Pb,4.271861249946603e-05,,Bosnia and Herzgovina,200.0,6.535947712418301e-05,
Pb,0.11288282391387928,,Brazil,10281.0,0.0033598039215686276,
Pb,0.308641975308642,,Bulgaria,17000.0,0.005555555555555556,
Pb,0.0034602076124567466,,Burma,1800.0,0.000588235294117647,
Pb,28.09,,Canada,162180.0,0.053,
Pb,0.00039478832927506514,,Chile,608.0,0.00019869281045751635,
Pb,321.88581314878894,,China,549000.0,0.17941176470588235,
Pb,2.942885215088214e-05,,Colombia,166.0,5.4248366013071894e-05,
Pb,4.271861249946603e-05,,Ecuador,200.0,6.535947712418301e-05,
Pb,0.00017087444999786412,,Georgia,400.0,0.00013071895424836603,
Pb,0.27339911999658245,,Greece,16000.0,0.00522875816993464,
Pb,0.015130607885855865,,Honduras,3764.0,0.001230065359477124,
Pb,1.1004421376393696,,India,32100.0,0.010490196078431373,
Pb,0.1292238028108847,,Iran,11000.0,0.003594771241830065,
Pb,2.051728567004144,,Ireland,43831.0,0.014323856209150327,
Pb,0.03844675124951941,,Italy,6000.0,0.00196078431372549,
Pb,0.03940095262505874,,Japan,6074.0,0.001984967320261438,
Pb,1.241840745012602,,Kazakhstan,34100.0,0.011143790849673202,
Pb,3.8446751249519413,,North Korea,60000.0,0.0196078431372549,
Pb,0.003545307360416934,,South Korea,1822.0,0.0005954248366013072,
Pb,0.16157247212610534,,Macedonia,12300.0,0.004019607843137255,
Pb,16.86256390277244,,Mexico,125656.0,0.0410640522875817,
Pb,6.817901234567901,,Morocco,79900.0,0.026111111111111113,
Pb,0.10435433487120335,,Namibia,9885.0,0.003230392156862745,
Pb,78.88574429065743,,Peru,271782.0,0.08881764705882353,
Pb,4.225308641975309,,Poland,62900.0,0.020555555555555556,
Pb,0.44811211072664364,,Romania,20484.0,0.0066941176470588235,
Pb,0.18048613781024392,,Russia,13000.0,0.004248366013071895,
Pb,2.669913281216627e-06,,Saudi Arabia,50.0,1.6339869281045753e-05,
Pb,0.06834977999914561,,Serbia and Montenegro,8000.0,0.00261437908496732,
Pb,6.867653980306719,,South Africa,80191.0,0.026206209150326797,
Pb,1.8659917125891752,,Spain,41800.0,0.013660130718954248,
Pb,14.444967747447562,,Sweden,116300.0,0.038006535947712417,
Pb,0.0006834977999914565,,Tajikistan,800.0,0.00026143790849673205,
Pb,0.15123456790123457,,Thailand,11900.0,0.0038888888888888888,
Pb,0.04650647293775898,,Tunisia,6599.0,0.0021565359477124183,
Pb,0.21610344845999402,,Turkey,14225.0,0.0046486928104575165,
Pb,0.0010679653124866502,,United Kingdom,1000.0,0.000326797385620915,
Pb,288.7778204963903,,United States,520000.0,0.16993464052287582,
Pb,0.0010679653124866502,,Vietnam,1000.0,0.000326797385620915,
Bi,0.43353824789581535,3651.914365082297,Bolivia,32.0,0.006584362139917695,4860.0
Bi,0.6774035123372115,,Bulgaria,40.0,0.00823045267489712,
Bi,40.94946569797965,,Canada,311.0,0.0639917695473251,
Bi,3040.864366881743,,China,2680.0,0.551440329218107,
Bi,0.2438652644413961,,Japan,24.0,0.0049382716049382715,
Bi,7.1550745990617965,,Kazakhstan,130.0,0.026748971193415638,
Bi,127.14186523057121,,Mexico,548.0,0.11275720164609053,
Bi,423.37719521075724,,Peru,1000.0,0.205761316872428,
Bi,0.6774035123372115,,Romania,40.0,0.00823045267489712,
Bi,1.0584429880268929,,Russia,50.0,0.0102880658436214,
Bi,0.0016935087808430287,,Serbia and Montenegro,2.0,0.00041152263374485596,
Bi,0.01058442988026893,,Tajikistan,5.0,0.00102880658436214,
Bi,0.0,,United States,,,
Th,9.323465998484934,6152.464075520074,Brazil,200.0,0.030534351145038167,6550.0
Th,5827.166249053086,,India,5000.0,0.7633587786259542,
Th,306.6508944700192,,Malaysia,1147.0,0.1751145038167939,
Th,9.323465998484934,,Sri Lanka,200.0,0.030534351145038167,
