Element,Year,Dollars,Change in AbsoluteDollars,Change in Absolute Dollars (%),Price Index,1998 Dollars,Change in 1998 Dollars,Change in 1998 Dollars (%),Notes,
He,NA,,,,,,,,,
Li,1998,1.67,NA,NA,1,1.67,NA,NA,Lithium Carbonate Custom Value from Chile,
Li,1999,1.46,-0.21,-12.57%,1.021294363,1.429558463,-0.240441537,-14.40%,,
Li,2000,1.45,-0.01,-0.68%,1.055949896,1.373171214,-0.056387249,-3.94%,(From USGS figures),
Li,2001,1.44,-0.01,-0.69%,1.086012526,1.325951557,-0.047219657,-3.44%,,
Li,2002,1.59,0.15,10.42%,1.103131524,1.441351249,0.115399692,8.70%,Dollars per kilogram,
Li,2003,1.55,-0.04,-2.52%,1.128183716,1.373889711,-0.067461538,-4.68%,,
Li,2004,1.72,0.17,10.97%,1.158663883,1.484468468,0.110578757,8.05%,,
Li,2005,1.46,-0.26,-15.12%,1.197912317,1.218787034,-0.265681435,-17.90%,,
Li,2006,2.32,0.86,58.90%,1.236743215,1.875894666,0.657107632,53.91%,,
Li,2007,3.53,1.21,52.16%,1.271816284,2.775558109,0.899663443,47.96%,,
Li,2008,4.44,0.91,25.78%,1.320668058,3.361934872,0.586376763,21.13%,,
Li,2009,4.53,0.09,2.03%,1.316075157,3.442052665,0.080117793,2.38%,,
Li,2010,4.35,-0.18,-3.97%,1.337787056,3.251638577,-0.190414088,-5.53%,,
Li,2011,3.87,-0.48,-11.03%,1.379958246,2.804432678,-0.447205899,-13.75%,,
Li,2012,4.22,0.35,9.04%,1.409185804,2.994637037,0.190204359,6.78%,,
Li,2013,4.39,0.17,4.03%,1.43006263,3.06979562,0.075158583,2.51%,,
Li,2014,5.05,0.66,15.03%,1.454279749,3.472509331,0.402713711,13.12%,,
Li,2015,6.5,1.45,28.71%,1.456784969,4.461880195,0.989370864,28.49%,,
Be,1998,169.75574,NA,NA,1,169.75574,NA,NA,Beryllium oxide powder,
Be,1999,169.75574,0,0.00%,1.021294363,166.2162704,-3.53946964,-2.09%,,
Be,2000,220.462,50.70626,29.87%,1.055949896,208.7807394,42.56446906,25.61%,(From USGS figures),
Be,2001,220.462,0,0.00%,1.086012526,203.0013418,-5.779397631,-2.77%,,
Be,2002,220.462,0,0.00%,1.103131524,199.851056,-3.150285773,-1.55%,Dollars per kilogram,
Be,2003,NA,NA,NA,NA,NA,NA,NA,,
Be,2004,NA,NA,NA,NA,NA,NA,NA,,
Be,2005,NA,NA,NA,NA,NA,NA,NA,,
Be,2006,NA,NA,NA,NA,NA,NA,NA,,
Be,2007,NA,NA,NA,NA,NA,NA,NA,,
Be,2008,NA,NA,NA,NA,NA,NA,NA,,
Be,2009,NA,NA,NA,NA,NA,NA,NA,,
Be,2010,NA,NA,NA,NA,NA,NA,NA,,
Be,2011,NA,NA,NA,NA,NA,NA,NA,,
Be,2012,NA,NA,NA,NA,NA,NA,NA,,
Be,2013,NA,NA,NA,NA,NA,NA,NA,,
Be,2014,NA,NA,NA,NA,NA,NA,NA,,
Be,2015,NA,NA,NA,NA,NA,NA,NA,,
B,1998,0.2,NA,NA,1,0.2,NA,NA,Chilean Ulexite,
B,1999,0.2,0,0.00%,1.021294363,0.195829926,-0.004170074,-2.09%,,
B,2000,0.2,0,0.00%,1.055949896,0.189402926,-0.006427,-3.28%,(From USGS),
B,2001,0.2,0,0.00%,1.086012526,0.184159938,-0.005242988,-2.77%,,
B,2002,0.2,0,0.00%,1.103131524,0.181302044,-0.002857895,-1.55%,Dollars per kilogram,
B,2003,0.2,0,0.00%,1.128183716,0.177276092,-0.004025952,-2.22%,,
B,2004,0.2,0,0.00%,1.158663883,0.172612613,-0.004663479,-2.63%,,
B,2005,0.275,0.075,37.50%,1.197912317,0.229566051,0.056953438,32.99%,,
B,2006,0.275,0,0.00%,1.236743215,0.222358204,-0.007207847,-3.14%,,
B,2007,0.275,0,0.00%,1.271816284,0.216226198,-0.006132006,-2.76%,,
B,2008,0.505,0.23,83.64%,1.320668058,0.382382232,0.166156034,76.84%,,
B,2009,0.4,-0.105,-20.79%,1.316075157,0.30393401,-0.078448222,-20.52%,,
B,2010,0.4,0,0.00%,1.337787056,0.299001248,-0.004932762,-1.62%,,
B,2011,0.713,0.313,78.25%,1.379958246,0.5166823,0.217681051,72.80%,,
B,2012,0.713,0,0.00%,1.409185804,0.505965926,-0.010716374,-2.07%,,
B,2013,0.713,0,0.00%,1.43006263,0.498579562,-0.007386364,-1.46%,,
B,2014,0.77,0.057,7.99%,1.454279749,0.52947172,0.030892158,6.20%,,
B,2015,0.77,0,0.00%,1.456784969,0.528561192,-0.000910527,-0.17%,,
N,1998,0.14991416,NA,NA,1,0.14991416,NA,NA,Corn Belt Anhydrous Ammonia,
N,1999,0.17747191,0.02755775,18.38%,1.021294363,0.173771555,0.023857395,15.91%,,
N,2000,0.3196699,0.14219799,80.12%,1.055949896,0.302732072,0.128960517,74.21%,(From USGS),
N,2001,192.90425,192.5845801,60244.83%,1.086012526,177.6261741,177.323442,58574.38%,,
N,2002,0.26345209,-192.6407979,-99.86%,1.103131524,0.238822012,-177.3873521,-99.87%,Dollars per kilogram,
N,2003,0.355494975,0.092042885,34.94%,1.128183716,0.315103799,0.076281787,31.94%,,
N,2004,0.3968316,0.041336625,11.63%,1.158663883,0.342490696,0.027386897,8.69%,,
N,2005,0.531864575,0.135032975,34.03%,1.197912317,0.443992909,0.101502213,29.64%,,
N,2006,0.410610475,-0.1212541,-22.80%,1.236743215,0.332009483,-0.111983427,-25.22%,,
N,2007,0.66689755,0.256287075,62.42%,1.271816284,0.524366261,0.192356779,57.94%,,
N,2008,0.6062705,-0.06062705,-9.09%,1.320668058,0.459063499,-0.065302762,-12.45%,,
N,2009,0.40234315,-0.20392735,-33.64%,1.316075157,0.305714418,-0.153349081,-33.40%,,
N,2010,0.730280375,0.327937225,81.51%,1.337787056,0.54588686,0.240172442,78.56%,,
N,2011,0.7605939,0.030313525,4.15%,1.379958246,0.551171676,0.005284817,0.97%,,
N,2012,0.8708249,0.110231,14.49%,1.409185804,0.617963151,0.066791475,12.12%,,
N,2013,0.5842243,-0.2866006,-32.91%,1.43006263,0.408530569,-0.209432582,-33.89%,,
N,2014,0.66689755,0.08267325,14.15%,1.454279749,0.458575835,0.050045266,12.25%,,
N,2015,0.504306825,-0.162590725,-24.38%,1.456784969,0.346177944,-0.112397891,-24.51%,,
Al,1998,1.4440261,NA,NA,1,1.4440261,NA,NA,US Primary Aluminum,
Al,1999,1.44843534,0.00440924,0.31%,1.021294363,1.41823493,-0.02579117,-1.79%,,
Al,2000,1.64464652,0.19621118,13.55%,1.055949896,1.557504316,0.139269386,9.82%,(From USGS),
Al,2001,1.51677856,-0.12786796,-7.77%,1.086012526,1.396649232,-0.160855085,-10.33%,,
Al,2002,1.43079838,-0.08598018,-5.67%,1.103131524,1.297033354,-0.099615878,-7.13%,Dollars per kilogram,
Al,2003,1.50134622,0.07054784,4.93%,1.128183716,1.330763951,0.033730598,2.60%,,
Al,2004,1.8518808,0.35053458,23.35%,1.158663883,1.598289916,0.267525964,20.10%,,
Al,2005,2.007526972,0.155646172,8.40%,1.197912317,1.675854687,0.077564772,4.85%,,
Al,2006,2.67640868,0.668881708,33.32%,1.236743215,2.164077916,0.488223229,29.13%,,
Al,2007,2.69404564,0.01763696,0.66%,1.271816284,2.118266352,-0.045811565,-2.12%,,
Al,2008,2.6565671,-0.03747854,-1.39%,1.320668058,2.011532787,-0.106733565,-5.04%,,
Al,2009,1.6644881,-0.992079,-37.34%,1.316075157,1.264736358,-0.746796429,-37.13%,,
Al,2010,2.30162328,0.63713518,38.28%,1.337787056,1.720470585,0.455734228,36.03%,,
Al,2011,2.55956382,0.25794054,11.21%,1.379958246,1.854812511,0.134341926,7.81%,,
Al,2012,2.2266662,-0.33289762,-13.01%,1.409185804,1.580108311,-0.2747042,-14.81%,,
Al,2013,2.07675204,-0.14991416,-6.73%,1.43006263,1.452210551,-0.12789776,-8.09%,,
Al,2014,2.3038279,0.22707586,10.93%,1.454279749,1.584171065,0.131960515,9.09%,,
Al,2015,1.94447484,-0.35935306,-15.60%,1.456784969,1.33477135,-0.249399715,-15.74%,,
P,1998,0.02559,NA,NA,1,0.02559,NA,NA,Weighted Average Phosphate Rock,
P,1999,0.03056,0.00497,19.42%,1.021294363,0.029922813,0.004332813,16.93%,,
P,2000,0.0242,-0.00636,-20.81%,1.055949896,0.022917754,-0.007005059,-23.41%,(From USGS),
P,2001,0.02681,0.00261,10.79%,1.086012526,0.02468664,0.001768886,7.72%,,
P,2002,0.02769,0.00088,3.28%,1.103131524,0.025101268,0.000414628,1.68%,Dollars per kilogram,
P,2003,0.02695,-0.00074,-2.67%,1.128183716,0.023887953,-0.001213315,-4.83%,,
P,2004,0.02776,0.00081,3.01%,1.158663883,0.023958631,7.07E-05,0.30%,,
P,2005,0.0296,0.00184,6.63%,1.197912317,0.024709655,0.000751024,3.13%,,
P,2006,0.03052,0.00092,3.11%,1.236743215,0.024677718,-3.19E-05,-0.13%,,
P,2007,0.0511,0.02058,67.43%,1.271816284,0.040178759,0.015501041,62.81%,,
P,2008,0.07676,0.02566,50.22%,1.320668058,0.058122099,0.01794334,44.66%,,
P,2009,0.12719,0.05043,65.70%,1.316075157,0.096643417,0.038521318,66.28%,,
P,2010,0.07669,-0.0505,-39.70%,1.337787056,0.057326014,-0.039317403,-40.68%,,
P,2011,0.09664,0.01995,26.01%,1.379958246,0.070031104,0.01270509,22.16%,,
P,2012,0.10254,0.0059,6.11%,1.409185804,0.072765422,0.002734318,3.90%,,
P,2013,0.09111,-0.01143,-11.15%,1.43006263,0.063710496,-0.009054926,-12.44%,,
P,2014,0.07859,-0.01252,-13.74%,1.454279749,0.054040497,-0.00967,-15.18%,,
P,2015,0.07241,-0.00618,-7.86%,1.456784969,0.049705345,-0.004335151,-8.02%,,
S,1998,0.02914,NA,NA,1,0.02914,NA,NA,Elemental sulfur,
S,1999,0.03781,0.00867,29.75%,1.021294363,0.037021648,0.007881648,27.05%,,
S,2000,0.02473,-0.01308,-34.59%,1.055949896,0.023419672,-0.013601976,-36.74%,(From USGS),
S,2001,0.01011,-0.01462,-59.12%,1.086012526,0.009309285,-0.014110387,-60.25%,,
S,2002,0.01184,0.00173,17.11%,1.103131524,0.010733081,0.001423796,15.29%,Dollars per kilogram,
S,2003,0.02871,0.01687,142.48%,1.128183716,0.025447983,0.014714902,137.10%,,
S,2004,0.0325,0.00379,13.20%,1.158663883,0.02804955,0.002601567,10.22%,,
S,2005,0.03092,-0.00158,-4.86%,1.197912317,0.025811572,-0.002237978,-7.98%,,
S,2006,0.03285,0.00193,6.24%,1.236743215,0.026561698,0.000750126,2.91%,,
S,2007,0.03629,0.00344,10.47%,1.271816284,0.028533995,0.001972297,7.43%,,
S,2008,0.26232,0.22603,622.84%,1.320668058,0.198626747,0.170092751,596.11%,,
S,2009,0.00173,-0.26059,-99.34%,1.316075157,0.001314515,-0.197312232,-99.34%,,
S,2010,0.07048,0.06875,3973.99%,1.337787056,0.05268402,0.051369505,3907.87%,,
S,2011,0.15983,0.08935,126.77%,1.379958246,0.115822345,0.063138325,119.84%,,
S,2012,0.12354,-0.03629,-22.71%,1.409185804,0.087667644,-0.0281547,-24.31%,,
S,2013,0.06863,-0.05491,-44.45%,1.43006263,0.047990905,-0.039676739,-45.26%,,
S,2014,0.08007,0.01144,16.67%,1.454279749,0.055058183,0.007067277,14.73%,,
S,2015,0.08762,0.00755,9.43%,1.456784969,0.060146145,0.005087962,9.24%,,
K,1998,0.146,NA,NA,1,0.146,NA,NA,Standard Muriate,
K,1999,0.15,0.004,2.74%,1.021294363,0.146872445,0.000872445,0.60%,,
K,2000,0.16,0.01,6.67%,1.055949896,0.151522341,0.004649896,3.17%,(From USGS),
K,2001,0.165,0.005,3.13%,1.086012526,0.151931949,0.000409608,0.27%,,
K,2002,0.15,-0.015,-9.09%,1.103131524,0.135976533,-0.015955416,-10.50%,Dollars per kilogram,
K,2003,0.175,0.025,16.67%,1.128183716,0.15511658,0.019140047,14.08%,,
K,2004,0.19,0.015,8.57%,1.158663883,0.163981982,0.008865402,5.72%,,
K,2005,0.23,0.04,21.05%,1.197912317,0.192000697,0.028018715,17.09%,,
K,2006,0.295,0.065,28.26%,1.236743215,0.23852971,0.046529013,24.23%,,
K,2007,0.32,0.025,8.47%,1.271816284,0.251608667,0.013078957,5.48%,,
K,2008,0.64,0.32,100.00%,1.320668058,0.484603225,0.232994558,92.60%,,
K,2009,0.87,0.23,35.94%,1.316075157,0.661056472,0.176453247,36.41%,,
K,2010,0.88,0.01,1.15%,1.337787056,0.657802747,-0.003253726,-0.49%,,
K,2011,0.73,-0.15,-17.05%,1.379958246,0.529001513,-0.128801234,-19.58%,,
K,2012,0.71,-0.02,-2.74%,1.409185804,0.503837037,-0.025164476,-4.76%,,
K,2013,0.64,-0.07,-9.86%,1.43006263,0.447532847,-0.05630419,-11.18%,,
K,2014,0.58,-0.06,-9.38%,1.454279749,0.398822854,-0.048709993,-10.88%,,
K,2015,0.595,0.015,2.59%,1.456784969,0.408433649,0.009610795,2.41%,,
Ca,1998,0.00538,NA,NA,1,0.00538,NA,NA,Crushed Stone,
Ca,1999,0.00535,-3.00E-05,-0.56%,1.021294363,0.005238451,-0.000141549,-2.63%,,
Ca,2000,0.00539,4.00E-05,0.75%,1.055949896,0.005104409,-0.000134042,-2.56%,(From USGS),
Ca,2001,0.00557,0.00018,3.34%,1.086012526,0.005128854,2.44E-05,0.48%,,
Ca,2002,0.00571,0.00014,2.51%,1.103131524,0.005176173,4.73E-05,0.92%,Dollars per kilogram,
Ca,2003,0.00598,0.00027,4.73%,1.128183716,0.005300555,0.000124382,2.40%,,
Ca,2004,0.00601,3.00E-05,0.50%,1.158663883,0.005187009,-0.000113546,-2.14%,,
Ca,2005,0.00726,0.00125,20.80%,1.197912317,0.006060544,0.000873535,16.84%,,
Ca,2006,0.00802,0.00076,10.47%,1.236743215,0.006484774,0.00042423,7.00%,,
Ca,2007,0.00872,0.0007,8.73%,1.271816284,0.006856336,0.000371562,5.73%,,
Ca,2008,0.00961,0.00089,10.21%,1.320668058,0.00727662,0.000420284,6.13%,,
Ca,2009,0.00992,0.00031,3.23%,1.316075157,0.007537563,0.000260943,3.59%,,
Ca,2010,0.01002,1.00E-04,1.01%,1.337787056,0.007489981,-4.76E-05,-0.63%,,
Ca,2011,0.01062,0.0006,5.99%,1.379958246,0.007695885,0.000205904,2.75%,,
Ca,2012,0.01016,-0.00046,-4.33%,1.409185804,0.007209837,-0.000486048,-6.32%,,
Ca,2013,0.01038,0.00022,2.17%,1.43006263,0.007258423,4.86E-05,0.67%,,
Ca,2014,0.01086,0.00048,4.62%,1.454279749,0.007467614,0.000209191,2.88%,,
Ca,2015,0.01131,0.00045,4.14%,1.456784969,0.007763672,0.000296057,3.96%,,
Ti,1998,0.0755,NA,NA,1,0.0755,NA,NA,Ilmenite,
Ti,1999,0.0965,0.021,27.81%,1.021294363,0.094487939,0.018987939,25.15%,,
Ti,2000,0.094,-0.0025,-2.59%,1.055949896,0.089019375,-0.005468564,-5.79%,(From USGS),
Ti,2001,0.1,0.006,6.38%,1.086012526,0.092079969,0.003060594,3.44%,,
Ti,2002,0.0925,-0.0075,-7.50%,1.103131524,0.083852195,-0.008227774,-8.94%,Dollars per kilogram,
Ti,2003,0.09,-0.0025,-2.70%,1.128183716,0.079774241,-0.004077954,-4.86%,,
Ti,2004,0.081,-0.009,-10.00%,1.158663883,0.069908108,-0.009866133,-12.37%,,
Ti,2005,0.08,-0.001,-1.23%,1.197912317,0.066782851,-0.003125257,-4.47%,,
Ti,2006,0.08,0,0.00%,1.236743215,0.064686023,-0.002096828,-3.14%,,
Ti,2007,0.08,0,0.00%,1.271816284,0.062902167,-0.001783856,-2.76%,,
Ti,2008,0.1105,0.0305,38.13%,1.320668058,0.083669776,0.020767609,33.02%,,
Ti,2009,0.0725,-0.038,-34.39%,1.316075157,0.055088039,-0.028581736,-34.16%,,
Ti,2010,0.075,0.0025,3.45%,1.337787056,0.056062734,0.000974695,1.77%,,
Ti,2011,0.195,0.12,160.00%,1.379958246,0.141308623,0.085245889,152.05%,,
Ti,2012,0.3,0.105,53.85%,1.409185804,0.212888889,0.071580266,50.66%,,
Ti,2013,0.265,-0.035,-11.67%,1.43006263,0.185306569,-0.02758232,-12.96%,,
Ti,2014,0.1575,-0.1075,-40.57%,1.454279749,0.108301034,-0.077005536,-41.56%,,
Ti,2015,0.11,-0.0475,-30.16%,1.456784969,0.075508742,-0.032792292,-30.28%,,
V,1998,10.251483,NA,NA,1,10.251483,NA,NA,Vanadium Pentoxide,10.35635229
V,1999,4.5745865,-5.6768965,-55.38%,1.021294363,4.479204688,-5.772278312,-56.31%,,
V,2000,4.739933,0.1653465,3.61%,1.055949896,4.488785898,0.009581209,0.21%,(From USGS),
V,2001,2.866006,-1.873927,-39.53%,1.086012526,2.639017443,-1.849768454,-41.21%,,
V,2002,3.2518145,0.3858085,13.46%,1.103131524,2.947803076,0.308785633,11.70%,Dollars per kilogram,
V,2003,4.739933,1.4881185,45.76%,1.128183716,4.201383988,1.253580912,42.53%,,
V,2004,13.8339905,9.0940575,191.86%,1.158663883,11.93960622,7.738222228,184.18%,,
V,2005,38.029695,24.1957045,174.90%,1.197912317,31.74664326,19.80703705,165.89%,,
V,2006,18.077884,-19.951811,-52.46%,1.236743215,14.61733024,-17.12931302,-53.96%,,
V,2007,15.4433631,-2.6345209,-14.57%,1.271816284,12.14276252,-2.474567727,-16.93%,,
V,2008,28.219136,12.7757729,82.73%,1.320668058,21.36731923,9.224556712,75.97%,,
V,2009,12.345872,-15.873264,-56.25%,1.316075157,9.380825964,-11.98649326,-56.10%,,
V,2010,15.2669935,2.9211215,23.66%,1.337787056,11.41212529,2.031299327,21.65%,,
V,2011,14.90653813,-0.36045537,-2.36%,1.379958246,10.80216606,-0.609959233,-5.34%,,
V,2012,14.32231383,-0.5842243,-3.92%,1.409185804,10.16353826,-0.638627799,-5.91%,,
V,2013,13.3048817,-1.01743213,-7.10%,1.43006263,9.303705598,-0.859832661,-8.46%,,
V,2014,12.36681589,-0.93806581,-7.05%,1.454279749,8.503739321,-0.799966276,-8.60%,,
V,2015,8.77989915,-3.58691674,-29.00%,1.456784969,6.026901251,-2.476838071,-29.13%,,
Cr,1998,0.068,NA,NA,1,0.068,NA,NA,Chromite ore,0.113433629
Cr,1999,0.063,-0.005,-7.35%,1.021294363,0.061686427,-0.006313573,-9.28%,,
Cr,2000,0.064,0.001,1.59%,1.055949896,0.060608936,-0.00107749,-1.75%,(From USGS),
Cr,2001,0.061,-0.003,-4.69%,1.086012526,0.056168781,-0.004440155,-7.33%,,
Cr,2002,0.06,-0.001,-1.64%,1.103131524,0.054390613,-0.001778168,-3.17%,Dollars per kilogram,
Cr,2003,0.054,-0.006,-10.00%,1.128183716,0.047864545,-0.006526068,-12.00%,,
Cr,2004,0.114,0.06,111.11%,1.158663883,0.098389189,0.050524644,105.56%,,
Cr,2005,0.14,0.026,22.81%,1.197912317,0.11686999,0.0184808,18.78%,,
Cr,2006,0.141,0.001,0.71%,1.236743215,0.114009115,-0.002860874,-2.45%,,
Cr,2007,0.244,0.103,73.05%,1.271816284,0.191851609,0.077842493,68.28%,,
Cr,2008,0.348,0.104,42.62%,1.320668058,0.263503003,0.071651395,37.35%,,
Cr,2009,0.158,-0.19,-54.60%,1.316075157,0.120053934,-0.143449069,-54.44%,,
Cr,2010,0.208,0.05,31.65%,1.337787056,0.155480649,0.035426715,29.51%,,
Cr,2011,0.216,0.008,3.85%,1.379958246,0.156526475,0.001045826,0.67%,,
Cr,2012,0.168,-0.048,-22.22%,1.409185804,0.119217778,-0.037308697,-23.84%,,
Cr,2013,0.162,-0.006,-3.57%,1.43006263,0.113281752,-0.005936026,-4.98%,,
Cr,2014,0.182,0.02,12.35%,1.454279749,0.125147861,0.011866109,10.47%,,
Cr,2015,0.173,-0.009,-4.95%,1.456784969,0.118754657,-0.006393204,-5.11%,,
Mn,1998,0.24,NA,NA,1,0.24,NA,NA,Manganese Ore,
Mn,1999,0.226,-0.014,-5.83%,1.021294363,0.221287817,-0.018712183,-7.80%,,
Mn,2000,0.239,0.013,5.75%,1.055949896,0.226336497,0.00504868,2.28%,(From USGS),
Mn,2001,0.244,0.005,2.09%,1.086012526,0.224675125,-0.001661372,-0.73%,,
Mn,2002,0.23,-0.014,-5.74%,1.103131524,0.20849735,-0.016177774,-7.20%,Dollars per kilogram,
Mn,2003,0.241,0.011,4.78%,1.128183716,0.213617691,0.00512034,2.46%,,
Mn,2004,0.289,0.048,19.92%,1.158663883,0.249425225,0.035807535,16.76%,,
Mn,2005,0.439,0.15,51.90%,1.197912317,0.366470896,0.117045671,46.93%,,
Mn,2006,0.351,-0.088,-20.05%,1.236743215,0.283809926,-0.08266097,-22.56%,,
Mn,2007,0.348,-0.003,-0.85%,1.271816284,0.273624425,-0.0101855,-3.59%,,
Mn,2008,1.215,0.867,249.14%,1.320668058,0.919988935,0.646364509,236.22%,,
Mn,2009,0.664,-0.551,-45.35%,1.316075157,0.504530457,-0.415458478,-45.16%,,
Mn,2010,0.918,0.254,38.25%,1.337787056,0.686207865,0.181677408,36.01%,,
Mn,2011,0.788,-0.13,-14.16%,1.379958246,0.57103177,-0.115176095,-16.78%,,
Mn,2012,0.604,-0.184,-23.35%,1.409185804,0.428616296,-0.142415474,-24.94%,,
Mn,2013,0.461,-0.143,-23.68%,1.43006263,0.322363504,-0.106252793,-24.79%,,
Mn,2014,0.43,-0.031,-6.72%,1.454279749,0.295679012,-0.026684491,-8.28%,,
Mn,2015,0.379,-0.051,-11.86%,1.456784969,0.260161938,-0.035517075,-12.01%,,
Fe,1998,0.03039,NA,NA,1,0.03039,NA,NA,Iron ore,
Fe,1999,0.02552,-0.00487,-16.03%,1.021294363,0.024987899,-0.005402101,-17.78%,,
Fe,2000,0.02557,5.00E-05,0.20%,1.055949896,0.024215164,-0.000772735,-3.09%,(From USGS),
Fe,2001,0.02389,-0.00168,-6.57%,1.086012526,0.021997905,-0.002217259,-9.16%,,
Fe,2002,0.02604,0.00215,9.00%,1.103131524,0.023605526,0.001607621,7.31%,Dollars per kilogram,
Fe,2003,0.02686,0.00082,3.15%,1.128183716,0.023808179,0.000202653,0.86%,,
Fe,2004,0.03792,0.01106,41.18%,1.158663883,0.032727351,0.008919172,37.46%,,
Fe,2005,0.044,0.00608,16.03%,1.197912317,0.036730568,0.004003217,12.23%,,
Fe,2006,0.052,0.008,18.18%,1.236743215,0.042045915,0.005315347,14.47%,,
Fe,2007,0.063,0.011,21.15%,1.271816284,0.049535456,0.007489541,17.81%,,
Fe,2008,0.066,0.003,4.76%,1.320668058,0.049974708,0.000439251,0.89%,,
Fe,2009,0.07,0.004,6.06%,1.316075157,0.053188452,0.003213744,6.43%,,
Fe,2010,0.09,0.02,28.57%,1.337787056,0.067275281,0.014086829,26.48%,,
Fe,2011,0.0988,0.0088,9.78%,1.379958246,0.071596369,0.004321088,6.42%,,
Fe,2012,0.101,0.0022,2.23%,1.409185804,0.071672593,7.62E-05,0.11%,,
Fe,2013,0.09875,-0.00225,-2.23%,1.43006263,0.06905292,-0.002619673,-3.66%,,
Fe,2014,0.101,0.00225,2.28%,1.454279749,0.069450187,0.000397267,0.58%,,
Fe,2015,0.084,-0.017,-16.83%,1.456784969,0.057661221,-0.011788966,-16.97%,,
Co,1998,47.2450066,NA,NA,1,47.2450066,NA,NA,US Spot Cathode,
Co,1999,37.5226324,-9.7223742,-20.58%,1.021294363,36.74027171,-10.50473489,-22.23%,,
Co,2000,33.4220392,-4.1005932,-10.93%,1.055949896,31.6511601,-5.089111612,-13.85%,(From USGS),
Co,2001,23.258741,-10.1632982,-30.41%,1.086012526,21.41664156,-10.23451854,-32.34%,,
Co,2002,15.2339242,-8.0248168,-34.50%,1.103131524,13.80970797,-7.606933588,-35.52%,Dollars per kilogram,
Co,2003,23.368972,8.1350478,53.40%,1.128183716,20.71380013,6.904092155,49.99%,,
Co,2004,50.5519366,27.1829646,116.32%,1.158663883,43.62950925,22.91570912,110.63%,,
Co,2005,35.1857352,-15.3662014,-30.40%,1.197912317,29.37254646,-14.25696278,-32.68%,,
Co,2006,37.9635564,2.7778212,7.89%,1.236743215,30.69639351,1.323847047,4.51%,,
Co,2007,67.351141,29.3875846,77.41%,1.271816284,52.9566588,22.26026529,72.52%,,
Co,2008,86.0022262,18.6510852,27.69%,1.320668058,65.12024399,12.1635852,22.97%,,
Co,2009,39.3745132,-46.627713,-54.22%,1.316075157,29.91813424,-35.20210976,-54.06%,,
Co,2010,45.966327,6.5918138,16.74%,1.337787056,34.3599729,4.441838661,14.85%,,
Co,2011,39.6611138,-6.3052132,-13.72%,1.379958246,28.74080713,-5.619165772,-16.35%,,
Co,2012,31.0190034,-8.6421104,-21.79%,1.409185804,22.01200389,-6.728803232,-23.41%,,
Co,2013,28.4175518,-2.6014516,-8.39%,1.43006263,19.87154352,-2.140460373,-9.72%,,
Co,2014,31.9228976,3.5053458,12.34%,1.454279749,21.95100194,2.079458417,10.46%,,
Co,2015,29.6300928,-2.2928048,-7.18%,1.456784969,20.33937296,-1.611628979,-7.34%,,
Ni,1998,4.63,NA,NA,1,4.63,NA,NA,Pure Nickel,11.95292101
Ni,1999,6.011,1.381,29.83%,1.021294363,5.885668438,1.255668438,27.12%,,
Ni,2000,8.638,2.627,43.70%,1.055949896,8.180312376,2.294643938,38.99%,(From USGS),
Ni,2001,5.945,-2.693,-31.18%,1.086012526,5.474154171,-2.706158205,-33.08%,,
Ni,2002,6.772,0.827,13.91%,1.103131524,6.138887207,0.664733035,12.14%,Dollars per kilogram,
Ni,2003,9.629,2.857,42.19%,1.128183716,8.534957439,2.396070232,39.03%,,
Ni,2004,13.823,4.194,43.56%,1.158663883,11.93012072,3.395163282,39.78%,,
Ni,2005,14.738,0.915,6.62%,1.197912317,12.30307076,0.372950036,3.13%,,
Ni,2006,24.244,9.506,64.50%,1.236743215,19.60309926,7.300028501,59.34%,,
Ni,2007,37.216,12.972,53.51%,1.271816284,29.26208798,9.658988727,49.27%,,
Ni,2008,21.104,-16.112,-43.29%,1.320668058,15.97979134,-13.28229665,-45.39%,,
Ni,2009,14.649,-6.455,-30.59%,1.316075157,11.13082329,-4.848968051,-30.34%,,
Ni,2010,21.804,7.155,48.84%,1.337787056,16.29855805,5.167734766,46.43%,,
Ni,2011,22.89,1.086,4.98%,1.379958246,16.5874584,0.288900344,1.77%,,
Ni,2012,17.533,-5.357,-23.40%,1.409185804,12.4419363,-4.1455221,-24.99%,,
Ni,2013,15.018,-2.515,-14.34%,1.43006263,10.50163796,-1.94029834,-15.59%,,
Ni,2014,16.865,1.847,12.30%,1.454279749,11.59680591,1.095167958,10.43%,,
Ni,2015,12.635,-4.23,-25.08%,1.456784969,8.673208656,-2.923597259,-25.21%,,
Cu,1998,1.7416498,NA,NA,1,1.7416498,NA,NA,US Producers,
Cu,1999,1.66889734,-0.07275246,-4.18%,1.021294363,1.634100216,-0.107549584,-6.18%,,
Cu,2000,1.9621118,0.29321446,17.57%,1.055949896,1.858148581,0.224048364,13.71%,(From USGS),
Cu,2001,1.6755112,-0.2866006,-14.61%,1.086012526,1.542810198,-0.315338383,-16.97%,,
Cu,2002,1.653465,-0.0220462,-1.32%,1.103131524,1.49888292,-0.043927277,-2.85%,Dollars per kilogram,
Cu,2003,1.8077884,0.1543234,9.33%,1.128183716,1.602388312,0.103505391,6.91%,,
Cu,2004,2.9100984,1.10231,60.98%,1.158663883,2.511598439,0.909210127,56.74%,,
Cu,2005,3.7258078,0.8157094,28.03%,1.197912317,3.110250847,0.598652408,23.84%,,
Cu,2006,7.054784,3.3289762,89.35%,1.236743215,5.704323997,2.59407315,83.40%,,
Cu,2007,7.165015,0.110231,1.56%,1.271816284,5.633687106,-0.070636891,-1.24%,,
Cu,2008,7.1429688,-0.0220462,-0.31%,1.320668058,5.40860268,-0.225084426,-4.00%,,
Cu,2009,5.2249494,-1.9180194,-26.85%,1.316075157,3.97009956,-1.43850312,-26.60%,,
Cu,2010,7.5398004,2.314851,44.30%,1.337787056,5.636024331,1.665924771,41.96%,,
Cu,2011,8.928711,1.3889106,18.42%,1.379958246,6.470276201,0.83425187,14.80%,,
Cu,2012,8.157094,-0.771617,-8.64%,1.409185804,5.788515594,-0.681760607,-10.54%,,
Cu,2013,7.495708,-0.661386,-8.11%,1.43006263,5.24152428,-0.546991314,-9.45%,,
Cu,2014,7.0988764,-0.3968316,-5.29%,1.454279749,4.881369216,-0.360155065,-6.87%,,
Cu,2015,6.1067974,-0.992079,-13.98%,1.456784969,4.191968981,-0.689400235,-14.12%,,
Zn,1998,1.1464024,NA,NA,1,1.1464024,NA,NA,US Producers,
Zn,1999,1.1243562,-0.0220462,-1.92%,1.021294363,1.10091296,-0.04548944,-3.97%,,
Zn,2000,1.2345872,0.110231,9.80%,1.055949896,1.169172141,0.068259181,6.20%,(From USGS),
Zn,2001,0.992079,-0.2425082,-19.64%,1.086012526,0.913506038,-0.255666103,-21.87%,,
Zn,2002,0.881848,-0.110231,-11.11%,1.103131524,0.799404224,-0.114101814,-12.49%,Dollars per kilogram,
Zn,2003,0.8598018,-0.0220462,-2.50%,1.128183716,0.762111514,-0.03729271,-4.67%,,
Zn,2004,1.1684486,0.3086468,35.90%,1.158663883,1.008444828,0.246333314,32.32%,,
Zn,2005,1.39331984,0.22487124,19.25%,1.197912317,1.163123394,0.154678566,15.34%,,
Zn,2006,3.196699,1.80337916,129.43%,1.236743215,2.584771811,1.421648417,122.23%,,
Zn,2007,3.5053458,0.3086468,9.66%,1.271816284,2.756173076,0.171401265,6.63%,,
Zn,2008,1.9621118,-1.543234,-44.03%,1.320668058,1.485696415,-1.270476661,-46.10%,,
Zn,2009,1.7196036,-0.2425082,-12.36%,1.316075157,1.306615045,-0.17908137,-12.05%,,
Zn,2010,2.2928048,0.5732012,33.33%,1.337787056,1.713878744,0.407263699,31.17%,,
Zn,2011,2.3368972,0.0440924,1.92%,1.379958246,1.693455006,-0.020423738,-1.19%,,
Zn,2012,2.0502966,-0.2866006,-12.26%,1.409185804,1.454951217,-0.238503789,-14.08%,,
Zn,2013,2.1164352,0.0661386,3.23%,1.43006263,1.479959797,0.02500858,1.72%,,
Zn,2014,2.3699665,0.2535313,11.98%,1.454279749,1.62964966,0.149689864,10.11%,,
Zn,2015,2.094389,-0.2755775,-11.63%,1.456784969,1.437678892,-0.191970768,-11.78%,,
Ga,1998,595,NA,NA,1,595,NA,NA,99.99999% pure,
Ga,1999,640,45,7.56%,1.021294363,626.6557645,31.65576451,5.32%,,
Ga,2000,640,0,0.00%,1.055949896,606.0893634,-20.56640113,-3.28%,(From USGS),
Ga,2001,640,0,0.00%,1.086012526,589.3118032,-16.77756023,-2.77%,,
Ga,2002,550,-90,-14.06%,1.103131524,498.5806207,-90.73118241,-15.40%,Dollars per kilogram,
Ga,2003,530,-20,-3.64%,1.128183716,469.7816432,-28.79897751,-5.78%,,
Ga,2004,550,20,3.77%,1.158663883,474.6846847,4.903041457,1.04%,,
Ga,2005,512,-38,-6.91%,1.197912317,427.4102475,-47.27443721,-9.96%,,
Ga,2006,500,-12,-2.34%,1.236743215,404.2876435,-23.12260399,-5.41%,,
Ga,2007,460,-40,-8.00%,1.271816284,361.687459,-42.60018452,-10.54%,,
Ga,2008,560,100,21.74%,1.320668058,424.0278217,62.34036273,17.24%,,
Ga,2009,480,-80,-14.29%,1.316075157,364.7208122,-59.30700951,-13.99%,,
Ga,2010,670,190,39.58%,1.337787056,500.8270911,136.106279,37.32%,,
Ga,2011,700,30,4.48%,1.379958246,507.2617247,6.434633524,1.28%,,
Ga,2012,556,-144,-20.57%,1.409185804,394.5540741,-112.7076506,-22.22%,,
Ga,2013,511,-45,-8.09%,1.43006263,357.3270073,-37.22706677,-9.44%,,
Ga,2014,362,-149,-29.16%,1.454279749,248.9204709,-108.4065364,-30.34%,,
Ga,2015,295,-67,-18.51%,1.456784969,202.5007165,-46.41975432,-18.65%,,
As,1998,0.661386,NA,NA,1,0.661386,NA,NA,Arsenic Trioxide,
As,1999,0.7054784,0.0440924,6.67%,1.021294363,0.690768916,0.029382916,4.44%,"(Mexico until 2005, China from 2006-2011, Morocco from 2012)",
As,2000,0.7054784,0,0.00%,1.055949896,0.668098366,-0.02267055,-3.28%,(From USGS),
As,2001,0.6834322,-0.0220462,-3.13%,1.086012526,0.62930416,-0.038794207,-5.81%,,
As,2002,0.7275246,0.0440924,6.45%,1.103131524,0.659508485,0.030204325,4.80%,Dollars per kilogram,
As,2003,0.7495708,0.0220462,3.03%,1.128183716,0.66440491,0.004896425,0.74%,,
As,2004,0.7054784,-0.0440924,-5.88%,1.158663883,0.608872349,-0.055532561,-8.36%,,
As,2005,0.7054784,0,0.00%,1.197912317,0.588923237,-0.019949111,-3.28%,,
As,2006,0.771617,0.0661386,9.38%,1.236743215,0.623910437,0.0349872,5.94%,,
As,2007,0.551155,-0.220462,-28.57%,1.271816284,0.433360547,-0.190549891,-30.54%,,
As,2008,0.9038942,0.3527392,64.00%,1.320668058,0.684421944,0.251061397,57.93%,,
As,2009,1.1904948,0.2866006,31.71%,1.316075157,0.904579647,0.220157703,32.17%,,
As,2010,0.440924,-0.7495708,-62.96%,1.337787056,0.329592066,-0.57498758,-63.56%,,
As,2011,0.440924,0,0.00%,1.379958246,0.319519812,-0.010072254,-3.06%,,
As,2012,0.4850164,0.0440924,10.00%,1.409185804,0.344182008,0.024662196,7.72%,,
As,2013,0.5732012,0.0881848,18.18%,1.43006263,0.400822445,0.056640437,16.46%,,
As,2014,0.661386,0.0881848,15.38%,1.454279749,0.454785952,0.053963507,13.46%,,
As,2015,0.6393398,-0.0220462,-3.33%,1.456784969,0.438870399,-0.015915553,-3.50%,,
Se,1998,5.4674576,NA,NA,1,5.4674576,NA,NA,Domestic Selenium,
Se,1999,5.51155,0.0440924,0.81%,1.021294363,5.396632155,-0.070825445,-1.30%,,
Se,2000,8.4657408,2.9541908,53.60%,1.055949896,8.017180394,2.620548239,48.56%,(From USGS),
Se,2001,8.598018,0.1322772,1.56%,1.086012526,7.91705233,-0.100128064,-1.25%,,
Se,2002,9.4137274,0.8157094,9.49%,1.103131524,8.533640092,0.616587762,7.79%,Dollars per kilogram,
Se,2003,12.5222416,3.1085142,33.02%,1.128183716,11.09947026,2.565830164,30.07%,,
Se,2004,54.8729918,42.3507502,338.20%,1.158663883,47.35885238,36.25938213,326.68%,,
Se,2005,113.3836066,58.5106148,106.63%,1.197912317,94.65100656,47.29215417,99.86%,,
Se,2006,54.1675134,-59.2160932,-52.23%,1.236743215,43.79851269,-50.85249386,-53.73%,,
Se,2007,72.531998,18.3644846,33.90%,1.271816284,57.03024793,13.23173524,30.21%,,
Se,2008,71.1871798,-1.3448182,-1.85%,1.320668058,53.9024014,-3.127846537,-5.48%,,
Se,2009,50.8605834,-20.3265964,-28.55%,1.316075157,38.64565268,-15.25674872,-28.30%,,
Se,2010,83.4007746,32.5401912,63.98%,1.337787056,62.34233932,23.69668664,61.32%,,
Se,2011,146.276537,62.8757624,75.39%,1.379958246,106.0006978,43.65835845,70.03%,,
Se,2012,119.04948,-27.227057,-18.61%,1.409185804,84.4810384,-21.51965937,-20.30%,,
Se,2013,79.36632,-39.68316,-33.33%,1.43006263,55.49849238,-28.98254602,-34.31%,,
Se,2014,59.52474,-19.84158,-25.00%,1.454279749,40.93073566,-14.56775672,-26.25%,,
Se,2015,48.50164,-11.0231,-18.52%,1.456784969,33.29361645,-7.637119207,-18.66%,,
Br,1998,,NA,NA,NA,NA,NA,NA,,
Br,1999,,NA,NA,NA,NA,NA,NA,,
Br,2000,,NA,NA,NA,NA,NA,NA,,
Br,2001,,NA,NA,NA,NA,NA,NA,,
Br,2002,,NA,NA,NA,NA,NA,NA,,
Br,2003,,NA,NA,NA,NA,NA,NA,,
Br,2004,,NA,NA,NA,NA,NA,NA,,
Br,2005,,NA,NA,NA,NA,NA,NA,,
Br,2006,,NA,NA,NA,NA,NA,NA,,
Br,2007,,NA,NA,NA,NA,NA,NA,,
Br,2008,,NA,NA,NA,NA,NA,NA,,
Br,2009,,NA,NA,NA,NA,NA,NA,,
Br,2010,,NA,NA,NA,NA,NA,NA,,
Br,2011,,NA,NA,NA,NA,NA,NA,,
Br,2012,,NA,NA,NA,NA,NA,NA,,
Br,2013,,NA,NA,NA,NA,NA,NA,,
Br,2014,,NA,NA,NA,NA,NA,NA,,
Br,2015,,NA,NA,NA,NA,NA,NA,,
Sr,1998,,NA,NA,NA,NA,NA,NA,,
Sr,1999,,NA,NA,NA,NA,NA,NA,,
Sr,2000,,NA,NA,NA,NA,NA,NA,,
Sr,2001,,NA,NA,NA,NA,NA,NA,,
Sr,2002,,NA,NA,NA,NA,NA,NA,,
Sr,2003,,NA,NA,NA,NA,NA,NA,,
Sr,2004,,NA,NA,NA,NA,NA,NA,,
Sr,2005,,NA,NA,NA,NA,NA,NA,,
Sr,2006,,NA,NA,NA,NA,NA,NA,,
Sr,2007,,NA,NA,NA,NA,NA,NA,,
Sr,2008,,NA,NA,NA,NA,NA,NA,,
Sr,2009,,NA,NA,NA,NA,NA,NA,,
Sr,2010,,NA,NA,NA,NA,NA,NA,,
Sr,2011,,NA,NA,NA,NA,NA,NA,,
Sr,2012,,NA,NA,NA,NA,NA,NA,,
Sr,2013,,NA,NA,NA,NA,NA,NA,,
Sr,2014,,NA,NA,NA,NA,NA,NA,,
Sr,2015,,NA,NA,NA,NA,NA,NA,,
Rare Earths,1998,17.64,17.64,NA,1,17.64,NA,NA,Mixed Rare Earths,
Rare Earths,1999,12.44,-5.2,-29.48%,1.021294363,12.18062142,-5.459378577,-30.95%,(mischmetal),
Rare Earths,2000,11.52,-0.92,-7.40%,1.055949896,10.90960854,-1.271012882,-10.43%,(From USGS),
Rare Earths,2001,12.17,0.65,5.64%,1.086012526,11.20613226,0.296523716,2.72%,,
Rare Earths,2002,8.25,-3.92,-32.21%,1.103131524,7.478709311,-3.727422946,-33.26%,Dollars per kilogram,
Rare Earths,2003,6.97,-1.28,-15.52%,1.128183716,6.178071799,-1.300637512,-17.39%,,
Rare Earths,2004,5.22,-1.75,-25.11%,1.158663883,4.505189189,-1.672882609,-27.08%,,
Rare Earths,2005,6.68,1.46,27.97%,1.197912317,5.576368072,1.071178883,23.78%,,
Rare Earths,2006,8.79,2.11,31.59%,1.236743215,7.107376772,1.5310087,27.46%,,
Rare Earths,2007,9.9,1.11,12.63%,1.271816284,7.784143139,0.676766366,9.52%,,
Rare Earths,2008,NA,NA,NA,NA,NA,NA,NA,,
Rare Earths,2009,NA,NA,NA,NA,NA,NA,NA,,
Rare Earths,2010,NA,NA,NA,NA,NA,NA,NA,,
Rare Earths,2011,NA,NA,NA,NA,NA,NA,NA,,
Rare Earths,2012,NA,NA,NA,NA,NA,NA,NA,,
Rare Earths,2013,NA,NA,NA,NA,NA,NA,NA,,
Rare Earths,2014,NA,NA,NA,NA,NA,NA,NA,,
Rare Earths,2015,NA,NA,NA,NA,NA,NA,NA,,
Zr,1998,0.3527392,NA,NA,1,0.3527392,NA,NA,Bulk domestic standard grade,
Zr,1999,0.46848175,0.11574255,32.81%,1.021294363,0.458713733,0.105974533,30.04%,,
Zr,2000,0.3747854,-0.09369635,-20.00%,1.055949896,0.354927257,-0.103786476,-22.63%,(From USGS),
Zr,2001,0.3747854,0,0.00%,1.086012526,0.345102281,-0.009824976,-2.77%,,
Zr,2002,0.3858085,0.0110231,2.94%,1.103131524,0.349739348,0.004637067,1.34%,Dollars per kilogram,
Zr,2003,0.4078547,0.0220462,5.71%,1.128183716,0.361514436,0.011775088,3.37%,,
Zr,2004,0.50155105,0.09369635,22.97%,1.158663883,0.432870185,0.071355749,19.74%,,
Zr,2005,0.45745865,-0.0440924,-8.79%,1.197912317,0.381879912,-0.050990274,-11.78%,,
Zr,2006,0.86531335,0.4078547,89.16%,1.236743215,0.69967099,0.317791079,83.22%,,
Zr,2007,0.84106253,-0.02425082,-2.80%,1.271816284,0.661308194,-0.038362796,-5.48%,,
Zr,2008,0.868069125,0.027006595,3.21%,1.320668058,0.657295465,-0.00401273,-0.61%,,
Zr,2009,0.9149173,0.046848175,5.40%,1.316075157,0.69518621,0.037890745,5.76%,,
Zr,2010,0.9479866,0.0330693,3.61%,1.337787056,0.708622942,0.013436732,1.93%,,
Zr,2011,2.9211215,1.9731349,208.14%,1.379958246,2.116818757,1.408195815,198.72%,,
Zr,2012,2.9211215,0,0.00%,1.409185804,2.072914368,-0.043904389,-2.07%,,
Zr,2013,1.1574255,-1.763696,-60.38%,1.43006263,0.809353014,-1.263561354,-60.96%,,
Zr,2014,1.1574255,0,0.00%,1.454279749,0.795875416,-0.013477598,-1.67%,,
Zr,2015,1.12986775,-0.02755775,-2.38%,1.456784969,0.775589929,-0.020285487,-2.55%,,
Nb,1998,15.1677856,NA,NA,1,15.1677856,NA,NA,Ferrocolumbium (Ferroniobium),
Nb,1999,15.1677856,0,0.00%,1.021294363,14.85153169,-0.316253911,-2.09%,,
Nb,2000,15.1677856,0,0.00%,1.055949896,14.36411487,-0.487416817,-3.28%,(From USGS),
Nb,2001,15.1677856,0,0.00%,1.086012526,13.96649232,-0.397622557,-2.77%,,
Nb,2002,14.550492,-0.6172936,-4.07%,1.103131524,13.1901697,-0.776322618,-5.56%,Dollars per kilogram,
Nb,2003,14.5063996,-0.0440924,-0.30%,1.128183716,12.85818913,-0.331980562,-2.52%,,
Nb,2004,14.4623072,-0.0440924,-0.30%,1.158663883,12.48188315,-0.376305984,-2.93%,,
Nb,2005,14.4623072,0,0.00%,1.197912317,12.07292637,-0.408956785,-3.28%,,
Nb,2006,NA,NA,NA,NA,NA,NA,NA,,
Nb,2007,NA,NA,NA,NA,NA,NA,NA,,
Nb,2008,NA,NA,NA,NA,NA,NA,NA,,
Nb,2009,NA,NA,NA,NA,NA,NA,NA,,
Nb,2010,NA,NA,NA,NA,NA,NA,NA,,
Nb,2011,NA,NA,NA,NA,NA,NA,NA,,
Nb,2012,NA,NA,NA,NA,NA,NA,NA,,
Nb,2013,NA,NA,NA,NA,NA,NA,NA,,
Nb,2014,NA,NA,NA,NA,NA,NA,NA,,
Nb,2015,NA,NA,NA,NA,NA,NA,NA,,
Mo,1998,5.87,NA,NA,1,5.87,NA,NA,Molybdenum Oxide,19.58474262
Mo,1999,5.861,-0.009,-0.15%,1.021294363,5.738795993,-0.131204007,-2.24%,,
Mo,2000,5.638,-0.223,-3.80%,1.055949896,5.339268486,-0.399527508,-6.96%,(From USGS),
Mo,2001,5.196,-0.442,-7.84%,1.086012526,4.784475202,-0.554793284,-10.39%,,
Mo,2002,8.27,3.074,59.16%,1.103131524,7.496839516,2.712364314,56.69%,Dollars per kilogram,
Mo,2003,11.653,3.383,40.91%,1.128183716,10.32899149,2.832151972,37.78%,,
Mo,2004,36.729,25.076,215.19%,1.158663883,31.69944324,21.37045176,206.90%,,
Mo,2005,70.677,33.948,92.43%,1.197912317,59.00014465,27.30070141,86.12%,,
Mo,2006,54.618,-16.059,-22.72%,1.236743215,44.16276502,-14.83737963,-25.15%,,
Mo,2007,66.79,12.172,22.29%,1.271816284,52.51544649,8.352681464,18.91%,,
Mo,2008,62.988,-3.802,-5.69%,1.320668058,47.69404363,-4.821402858,-9.18%,,
Mo,2009,33,-29.988,-47.61%,1.316075157,25.07455584,-22.61948779,-47.43%,,
Mo,2010,16.04,-16.96,-51.39%,1.337787056,11.98995006,-13.08460578,-52.18%,,
Mo,2011,15.4825,-0.5575,-3.48%,1.379958246,11.21954236,-0.770407702,-6.43%,,
Mo,2012,12.742,-2.7405,-17.70%,1.409185804,9.042100741,-2.177441619,-19.41%,,
Mo,2013,10.58,-2.162,-16.97%,1.43006263,7.398277372,-1.643823368,-18.18%,,
Mo,2014,12.1425,1.5625,14.77%,1.454279749,8.349493971,0.951216598,12.86%,,
Mo,2015,7.0235,-5.119,-42.16%,1.456784969,4.821233161,-3.528260809,-42.26%,,
Platinum Group,1998,NA,NA,NA,NA,NA,NA,NA,,
Platinum Group,1999,NA,NA,NA,NA,NA,NA,NA,,
Platinum Group,2000,NA,NA,NA,NA,NA,NA,NA,,
Platinum Group,2001,NA,NA,NA,NA,NA,NA,NA,,
Platinum Group,2002,NA,NA,NA,NA,NA,NA,NA,,
Platinum Group,2003,NA,NA,NA,NA,NA,NA,NA,,
Platinum Group,2004,NA,NA,NA,NA,NA,NA,NA,,
Platinum Group,2005,NA,NA,NA,NA,NA,NA,NA,,
Platinum Group,2006,NA,NA,NA,NA,NA,NA,NA,,
Platinum Group,2007,NA,NA,NA,NA,NA,NA,NA,,
Platinum Group,2008,NA,NA,NA,NA,NA,NA,NA,,
Platinum Group,2009,NA,NA,NA,NA,NA,NA,NA,,
Platinum Group,2010,NA,NA,NA,NA,NA,NA,NA,,
Platinum Group,2011,NA,NA,NA,NA,NA,NA,NA,,
Platinum Group,2012,NA,NA,NA,NA,NA,NA,NA,,
Platinum Group,2013,NA,NA,NA,NA,NA,NA,NA,,
Platinum Group,2014,NA,NA,NA,NA,NA,NA,NA,,
Platinum Group,2015,NA,NA,NA,NA,NA,NA,NA,,
Ag,1998,178.114878,NA,NA,1,178.114878,NA,NA,Silver Ingot,
Ag,1999,168.791175,-9.323703,-5.23%,1.021294363,165.2718169,-12.84306111,-7.21%,,
Ag,2000,160.7535,-8.037675,-4.76%,1.055949896,152.2359164,-13.03590052,-7.89%,(From USGS),
Ag,2001,141.141573,-19.611927,-12.20%,1.086012526,129.963117,-22.27279936,-14.63%,,
Ag,2002,148.536234,7.394661,5.24%,1.103131524,134.6496141,4.686497085,3.61%,Dollars per kilogram,
Ag,2003,157.859937,9.323703,6.28%,1.128183716,139.9239634,5.274349311,3.92%,,
Ag,2004,215.088183,57.228246,36.25%,1.158663883,185.634666,45.71070265,32.67%,,
Ag,2005,235.986138,20.897955,9.72%,1.197912317,196.9978391,11.3631731,6.12%,,
Ag,2006,373.269627,137.283489,58.17%,1.236743215,301.8165958,104.8187566,53.21%,,
Ag,2007,430.176366,56.906739,15.25%,1.271816284,338.237819,36.4212232,12.07%,,
Ag,2008,478.080909,47.904543,11.14%,1.320668058,361.9992972,23.76147824,7.03%,,
Ag,2009,472.293783,-5.787126,-1.21%,1.316075157,358.8653586,-3.133938611,-0.87%,,
Ag,2010,649.44414,177.150357,37.51%,1.337787056,485.4615216,126.596163,35.28%,,
Ag,2011,1133.633682,484.189542,74.55%,1.379958246,821.4985381,336.0370165,69.22%,,
Ag,2012,1003.423347,-130.210335,-11.49%,1.409185804,712.0589381,-109.4396,-13.32%,,
Ag,2013,765.18666,-238.236687,-23.74%,1.43006263,535.0721316,-176.9868065,-24.86%,,
Ag,2014,622.759059,-142.427601,-18.61%,1.454279749,428.2250779,-106.8470537,-19.97%,,
Ag,2015,505.409004,-117.350055,-18.84%,1.456784969,346.934527,-81.29055093,-18.98%,,
Cd,1998,0.6172936,NA,NA,1,0.6172936,NA,NA,99.95% pure lots,
Cd,1999,0.3086468,-0.3086468,-50.00%,1.021294363,0.302211401,-0.315082199,-51.04%,,
Cd,2000,0.3527392,0.0440924,14.29%,1.055949896,0.334049183,0.031837782,10.53%,(From USGS),
Cd,2001,0.5070626,0.1543234,43.75%,1.086012526,0.466903086,0.132853903,39.77%,,
Cd,2002,0.6393398,0.1322772,26.09%,1.103131524,0.579568062,0.112664976,24.13%,Dollars per kilogram,
Cd,2003,1.10231,0.4629702,72.41%,1.128183716,0.977066044,0.397497981,68.59%,,
Cd,2004,1.5652802,0.4629702,42.00%,1.158663883,1.350935524,0.37386948,38.26%,,
Cd,2005,3.30693,1.7416498,111.27%,1.197912317,2.760577675,1.409642151,104.35%,,
Cd,2006,2.98,-0.32693,-9.89%,1.236743215,2.409554355,-0.35102332,-12.72%,,
Cd,2007,7.61,4.63,155.37%,1.271816284,5.983568615,3.574014259,148.33%,,
Cd,2008,5.92,-1.69,-22.21%,1.320668058,4.482579829,-1.500988785,-25.09%,,
Cd,2009,2.87,-3.05,-51.52%,1.316075157,2.180726523,-2.301853306,-51.35%,,
Cd,2010,3.9,1.03,35.89%,1.337787056,2.915262172,0.734535649,33.68%,,
Cd,2011,2.76,-1.14,-29.23%,1.379958246,2.000060514,-0.915201658,-31.39%,,
Cd,2012,2.03,-0.73,-26.45%,1.409185804,1.440548148,-0.559512366,-27.97%,,
Cd,2013,1.92,-0.11,-5.42%,1.43006263,1.34259854,-0.097949608,-6.80%,,
Cd,2014,1.99,0.07,3.65%,1.454279749,1.368374964,0.025776424,1.92%,,
Cd,2015,1.47,-0.52,-26.13%,1.456784969,1.009071367,-0.359303597,-26.26%,,
Sn,1998,5.762435756,NA,NA,1,5.762435756,NA,NA,New York Market,10.10085373
Sn,1999,5.611639748,-0.150796008,-2.62%,1.021294363,5.494634994,-0.267800762,-4.65%,,
Sn,2000,5.620017304,0.008377556,0.15%,1.055949896,5.322238609,-0.172396385,-3.14%,(From USGS),
Sn,2001,4.662330376,-0.957686928,-17.04%,1.086012526,4.293072376,-1.029166233,-19.34%,,
Sn,2002,4.29349745,-0.368832926,-7.91%,1.103131524,3.892099316,-0.40097306,-9.34%,Dollars per kilogram,
Sn,2003,5.122655032,0.829157582,19.31%,1.128183716,4.540621318,0.648522002,16.66%,,
Sn,2004,9.025052894,3.902397862,76.18%,1.158663883,7.789189795,3.248568477,71.54%,,
Sn,2005,7.957134966,-1.067917928,-11.83%,1.197912317,6.642502002,-1.146687793,-14.72%,,
Sn,2006,9.248160438,1.291025472,16.22%,1.236743215,7.47783398,0.835331978,12.58%,,
Sn,2007,14.9803929,5.732232462,61.98%,1.271816284,11.77873966,4.300905677,57.52%,,
Sn,2008,19.05960129,4.079208386,27.23%,1.320668058,14.43178788,2.653048228,22.52%,,
Sn,2009,14.14528284,-4.914318442,-25.78%,1.316075157,10.74808135,-3.683706536,-25.52%,,
Sn,2010,21.03494081,6.889657962,48.71%,1.337787056,15.7236839,4.975602556,46.29%,,
Sn,2011,26.80597458,5.771033774,27.44%,1.379958246,19.425207,3.701523091,23.54%,,
Sn,2012,21.81691952,-4.98905506,-18.61%,1.409185804,15.48193252,-3.943274477,-20.30%,,
Sn,2013,22.95957407,1.142654546,5.24%,1.43006263,16.05494303,0.573010514,3.70%,,
Sn,2014,22.55436491,-0.405209156,-1.76%,1.454279749,15.50895893,-0.545984101,-3.40%,,
Sn,2015,16.67640707,-5.877957844,-26.06%,1.456784969,11.44740468,-4.061554253,-26.19%,,
Sb,1998,1.58291716,NA,NA,1,1.58291716,NA,NA,Antimony metal,
Sb,1999,1.38229674,-0.20062042,-12.67%,1.021294363,1.353475344,-0.229441816,-14.49%,,
Sb,2000,1.4440261,0.06172936,4.47%,1.055949896,1.367513843,0.014038499,1.04%,(From USGS),
Sb,2001,1.42638914,-0.01763696,-1.22%,1.086012526,1.313418681,-0.054095162,-3.96%,,
Sb,2002,1.94888408,0.52249494,36.63%,1.103131524,1.766683335,0.453264654,34.51%,Dollars per kilogram,
Sb,2003,2.3699665,0.42108242,21.61%,1.128183716,2.100691994,0.334008659,18.91%,,
Sb,2004,2.87261986,0.50265336,21.21%,1.158663883,2.479252095,0.378560101,18.02%,,
Sb,2005,3.5384151,0.66579524,23.18%,1.197912317,2.953818112,0.474566017,19.14%,,
Sb,2006,5.2469956,1.7085805,48.29%,1.236743215,4.242590973,1.288772861,43.63%,,
Sb,2007,5.67248726,0.42549166,8.11%,1.271816284,4.460146746,0.217555773,5.13%,,
Sb,2008,6.1619129,0.48942564,8.63%,1.320668058,4.665754472,0.205607726,4.61%,,
Sb,2009,5.19408472,-0.96782818,-15.71%,1.316075157,3.946647495,-0.719106977,-15.41%,,
Sb,2010,8.84493544,3.65085072,70.29%,1.337787056,6.611616847,2.664969352,67.52%,,
Sb,2011,14.33664386,5.49170842,62.09%,1.379958246,10.3891867,3.777569853,57.14%,,
Sb,2012,12.4450799,-1.89156396,-13.19%,1.409185804,8.83139744,-1.55778926,-14.99%,,
Sb,2013,10.19857212,-2.24650778,-18.05%,1.43006263,7.131556271,-1.699841169,-19.25%,,
Sb,2014,9.36522576,-0.83334636,-8.17%,1.454279749,6.439769077,-0.691787194,-9.70%,,
Sb,2015,7.1980843,-2.16714146,-23.14%,1.456784969,4.941075351,-1.498693726,-23.27%,,
Te,1998,40.78547,NA,NA,1,40.78547,NA,NA,Standard grade Tellurium,
Te,1999,36.37623,-4.40924,-10.81%,1.021294363,35.61777222,-5.16769778,-12.67%,,
Te,2000,31.96699,-4.40924,-12.12%,1.055949896,30.27320722,-5.344565004,-15.01%,(From USGS),
Te,2001,33.0693,1.10231,3.45%,1.086012526,30.45020127,0.176994052,0.58%,,
Te,2002,15.43234,-17.63696,-53.33%,1.103131524,13.98957392,-16.46062735,-54.06%,Dollars per kilogram,
Te,2003,19.84158,4.40924,28.57%,1.128183716,17.58718879,3.597614865,25.72%,,
Te,2004,35.825075,15.983495,80.56%,1.158663883,30.91929896,13.33211018,75.81%,,
Te,2005,220.462,184.636925,515.38%,1.197912317,184.0385117,153.1192127,495.22%,,
Te,2006,225.97355,5.51155,2.50%,1.236743215,182.716628,-1.321883638,-0.72%,,
Te,2007,187.3927,-38.58085,-17.07%,1.271816284,147.3425859,-35.37404219,-19.36%,,
Te,2008,357.14844,169.75574,90.59%,1.320668058,270.430134,123.0875481,83.54%,,
Te,2009,330.693,-26.45544,-7.41%,1.316075157,251.272124,-19.15800994,-7.08%,,
Te,2010,221.25,-109.443,-33.10%,1.337787056,165.3850655,-85.88705851,-34.18%,,
Te,2011,349.35,128.1,57.90%,1.379958246,253.1598336,87.77476804,53.07%,,
Te,2012,150,-199.35,-57.06%,1.409185804,106.4444444,-146.7153891,-57.95%,,
Te,2013,112,-38,-25.33%,1.43006263,78.31824818,-28.12619627,-26.42%,,
Te,2014,119,7,6.25%,1.454279749,81.8274476,3.509199427,4.48%,,
Te,2015,77,-42,-35.29%,1.456784969,52.85611923,-28.97132837,-35.41%,,
I,1998,16.54,NA,NA,1,16.54,NA,NA,Imported c.i.f. value,
I,1999,16.15,-0.39,-2.36%,1.021294363,15.81326656,-0.726733442,-4.39%,,
I,2000,14.59,-1.56,-9.66%,1.055949896,13.81694346,-1.996323102,-12.62%,(From USGS),
I,2001,13.94,-0.65,-4.46%,1.086012526,12.83594771,-0.980995743,-7.10%,,
I,2002,12.7,-1.24,-8.90%,1.103131524,11.51267979,-1.323267924,-10.31%,Dollars per kilogram,
I,2003,12.7,0,0.00%,1.128183716,11.25703183,-0.25564796,-2.22%,,
I,2004,13.38,0.68,5.35%,1.158663883,11.54778378,0.290751956,2.58%,,
I,2005,16.75,3.37,25.19%,1.197912317,13.98265946,2.434875679,21.09%,,
I,2006,19.34,2.59,15.46%,1.236743215,15.63784605,1.655186587,11.84%,,
I,2007,21.12,1.78,9.20%,1.271816284,16.60617203,0.968325979,6.19%,,
I,2008,21.52,0.4,1.89%,1.320668058,16.29478343,-0.311388595,-1.88%,,
I,2009,25.55,4.03,18.73%,1.316075157,19.4137849,3.119001465,19.14%,,
I,2010,24.71,-0.84,-3.29%,1.337787056,18.47080212,-0.942982776,-4.86%,,
I,2011,38.13,13.42,54.31%,1.379958246,27.6312708,9.160468679,49.59%,,
I,2012,41.97,3.84,10.07%,1.409185804,29.78315556,2.151884754,7.79%,,
I,2013,42.51,0.54,1.29%,1.43006263,29.7259708,-0.057184753,-0.19%,,
I,2014,37.04,-5.47,-12.87%,1.454279749,25.4696526,-4.256318205,-14.32%,,
I,2015,27.74,-9.3,-25.11%,1.456784969,19.04193179,-6.427720813,-25.24%,,
Ba,1998,0.02395,NA,NA,1,0.02395,NA,NA,Primary Barite,
Ba,1999,0.02558,0.00163,6.81%,1.021294363,0.025046648,0.001096648,4.58%,,
Ba,2000,0.0251,-0.00048,-1.88%,1.055949896,0.023770067,-0.00127658,-5.10%,(From USGS),
Ba,2001,0.0276,0.0025,9.96%,1.086012526,0.025414072,0.001644004,6.92%,,
Ba,2002,0.0289,0.0013,4.71%,1.103131524,0.026198145,0.000784074,3.09%,Dollars per kilogram,
Ba,2003,0.0297,0.0008,2.77%,1.128183716,0.0263255,0.000127354,0.49%,,
Ba,2004,0.03508,0.00538,18.11%,1.158663883,0.030276252,0.003950753,15.01%,,
Ba,2005,0.03592,0.00084,2.39%,1.197912317,0.0299855,-0.000290752,-0.96%,,
Ba,2006,0.03998,0.00406,11.30%,1.236743215,0.03232684,0.00234134,7.81%,,
Ba,2007,0.0452,0.00522,13.06%,1.271816284,0.035539724,0.003212884,9.94%,,
Ba,2008,0.0476,0.0024,5.31%,1.320668058,0.036042365,0.000502641,1.41%,,
Ba,2009,0.0519,0.0043,9.03%,1.316075157,0.039435438,0.003393073,9.41%,,
Ba,2010,0.056,0.0041,7.90%,1.337787056,0.041860175,0.002424737,6.15%,,
Ba,2011,0.086,0.03,53.57%,1.379958246,0.062320726,0.020460551,48.88%,,
Ba,2012,0.112,0.026,30.23%,1.409185804,0.079478519,0.017157792,27.53%,,
Ba,2013,0.113,0.001,0.89%,1.43006263,0.079017518,-0.000461,-0.58%,,
Ba,2014,0.134,0.021,18.58%,1.454279749,0.092141832,0.013124314,16.61%,,
Ba,2015,0.132,-0.002,-1.49%,1.456784969,0.09061049,-0.001531342,-1.66%,,
Ta,1998,73.85477,NA,NA,1,73.85477,NA,NA,Tantalite Ore,
Ta,1999,73.85477,0,0.00%,1.021294363,72.31487087,-1.539899129,-2.09%,,
Ta,2000,352.7392,278.88443,377.61%,1.055949896,334.0491831,261.7343122,361.94%,(From USGS),
Ta,2001,99.2079,-253.5313,-71.88%,1.086012526,91.35060381,-242.6985793,-72.65%,,
Ta,2002,99.2079,0,0.00%,1.103131524,89.93297521,-1.417628598,-1.55%,Dollars per kilogram,
Ta,2003,77.1617,-22.0462,-22.22%,1.128183716,68.39462306,-21.53835215,-23.95%,,
Ta,2004,82.67325,5.51155,7.14%,1.158663883,71.35222838,2.957605321,4.32%,,
Ta,2005,82.67325,0,0.00%,1.197912317,69.01444188,-2.3377865,-3.28%,,
Ta,2006,72,-10.67325,-12.91%,1.236743215,58.21742066,-10.79702122,-15.64%,,
Ta,2007,80,8,11.11%,1.271816284,62.90216678,4.684746114,8.05%,,
Ta,2008,87,7,8.75%,1.320668058,65.87575087,2.973584093,4.73%,,
Ta,2009,60,-27,-31.03%,1.316075157,45.59010152,-20.28564935,-30.79%,,
Ta,2010,120,60,100.00%,1.337787056,89.70037453,44.11027301,96.75%,,
Ta,2011,275,155,129.17%,1.379958246,199.2813918,109.5810173,122.16%,,
Ta,2012,239,-36,-13.09%,1.409185804,169.6014815,-29.67991035,-14.89%,,
Ta,2013,260,21,8.79%,1.43006263,181.810219,12.2087375,7.20%,,
Ta,2014,221,-39,-15.00%,1.454279749,151.9652598,-29.84495914,-16.42%,,
Ta,2015,193,-28,-12.67%,1.456784969,132.4835196,-19.4817402,-12.82%,,
W,1998,6.55,NA,NA,1,6.55,NA,NA,Ammonium Paratungstate on US Market,
W,1999,5.7,-0.85,-12.98%,1.021294363,5.581152903,-0.968847097,-14.79%,,
W,2000,6.4,0.7,12.28%,1.055949896,6.060893634,0.479740731,8.60%,(From USGS),
W,2001,9.7,3.3,51.56%,1.086012526,8.931757017,2.870863383,47.37%,,
W,2002,7.3,-2.4,-24.74%,1.103131524,6.617524603,-2.314232414,-25.91%,Dollars per kilogram,
W,2003,7.2,-0.1,-1.37%,1.128183716,6.381939304,-0.235585298,-3.56%,,
W,2004,9.1,1.9,26.39%,1.158663883,7.853873874,1.47193457,23.06%,,
W,2005,24,14.9,163.74%,1.197912317,20.03485535,12.18098148,155.10%,,
W,2006,27.3,3.3,13.75%,1.236743215,22.07410533,2.039249984,10.18%,,
W,2007,26.2,-1.1,-4.03%,1.271816284,20.60045962,-1.473645715,-6.68%,,
W,2008,26,-0.2,-0.76%,1.320668058,19.68700601,-0.913453612,-4.43%,,
W,2009,17.8,-8.2,-31.54%,1.316075157,13.52506345,-6.161942555,-31.30%,,
W,2010,18.6,0.8,4.49%,1.337787056,13.90355805,0.378494601,2.80%,,
W,2011,39.7,21.1,113.44%,1.379958246,28.76898638,14.86542833,106.92%,,
W,2012,44.9,5.2,13.10%,1.409185804,31.86237037,3.093383986,10.75%,,
W,2013,36.9,-8,-17.82%,1.43006263,25.80306569,-6.059304677,-19.02%,,
W,2014,35.8,-1.1,-2.98%,1.454279749,24.61699684,-1.186068852,-4.60%,,
W,2015,29.9,-5.9,-16.48%,1.456784969,20.5246489,-4.092347945,-16.62%,,
Re,1998,500,NA,NA,1,500,NA,NA,Metal Powder,
Re,1999,1000,500,100.00%,1.021294363,979.1496321,479.1496321,95.83%,,
Re,2000,1009,9,0.90%,1.055949896,955.537762,-23.61187009,-2.41%,(From USGS),
Re,2001,906,-103,-10.21%,1.086012526,834.2445213,-121.2932406,-12.69%,,
Re,2002,1763.696,857.696,94.67%,1.103131524,1598.808448,764.5639268,91.65%,Dollars per kilogram,
Re,2003,1325,-438.696,-24.87%,1.128183716,1174.454108,-424.3543401,-26.54%,,
Re,2004,1350,25,1.89%,1.158663883,1165.135135,-9.318972933,-0.79%,,
Re,2005,1475,125,9.26%,1.197912317,1231.308818,66.17368327,5.68%,,
Re,2006,4330,2855,193.56%,1.236743215,3501.130993,2269.822174,184.34%,,
Re,2007,8410,4080,94.23%,1.271816284,6612.590282,3111.45929,88.87%,,
Re,2008,10500,2090,24.85%,1.320668058,7950.521657,1337.931374,20.23%,,
Re,2009,6700,-3800,-36.19%,1.316075157,5090.89467,-2859.626987,-35.97%,,
Re,2010,4720,-1980,-29.55%,1.337787056,3528.214732,-1562.679938,-30.70%,,
Re,2011,4720,0,0.00%,1.379958246,3420.393343,-107.8213882,-3.06%,,
Re,2012,4040,-680,-14.41%,1.409185804,2866.903704,-553.4896397,-16.18%,,
Re,2013,3160,-880,-21.78%,1.43006263,2209.693431,-657.210273,-22.92%,,
Re,2014,3000,-160,-5.06%,1.454279749,2062.87683,-146.8166003,-6.64%,,
Re,2015,2700,-300,-10.00%,1.456784969,1853.396389,-209.4804417,-10.15%,,
Au,1998,9484.4565,NA,NA,1,9484.4565,NA,NA,Ingots,
Au,1999,9002.196,-482.2605,-5.08%,1.021294363,8814.496901,-669.9595989,-7.06%,,
Au,2000,9002.196,0,0.00%,1.055949896,8525.211317,-289.2855843,-3.28%,(From USGS),
Au,2001,8744.9904,-257.2056,-2.86%,1.086012526,8052.384471,-472.8268461,-5.55%,,
Au,2002,9998.8677,1253.8773,14.34%,1.103131524,9064.075754,1011.691283,12.56%,Dollars per kilogram,
Au,2003,11735.0055,1736.1378,17.36%,1.128183716,10401.67956,1337.603807,14.76%,,
Au,2004,13213.9377,1478.9322,12.60%,1.158663883,11404.46155,1002.781986,9.64%,,
Au,2005,14345.64234,1131.70464,8.56%,1.197912317,11975.53622,571.0746697,5.01%,,
Au,2006,19477.85858,5132.216241,35.78%,1.236743215,15749.31509,3773.778875,31.51%,,
Au,2007,22471.73177,2993.873184,15.37%,1.271816284,17669.00774,1919.692649,12.19%,,
Au,2008,28083.63645,5611.904685,24.97%,1.320668058,21264.71998,3595.71224,20.35%,,
Au,2009,31336.64428,3253.007826,11.58%,1.316075157,23810.6799,2545.959918,11.97%,,
Au,2010,39465.30576,8128.661481,25.94%,1.337787056,29500.43923,5689.75933,23.90%,,
Au,2011,50567.26397,11101.95822,28.13%,1.379958246,36644.05362,7143.614393,24.22%,,
Au,2012,53780.08343,3212.819451,6.35%,1.409185804,38163.94068,1519.887061,4.15%,,
Au,2013,45486.81036,-8293.273065,-15.42%,1.43006263,31807.5652,-6356.375482,-16.66%,,
Au,2014,40813.70612,-4673.104245,-10.27%,1.454279749,28064.54957,-3743.015633,-11.77%,,
Au,2015,37401.87383,-3411.832284,-8.36%,1.456784969,25674.25848,-2390.291091,-8.52%,,
Hg,1998,4.056507992,NA,NA,1,4.056507992,NA,NA,Free Market Mercury,
Hg,1999,4.061149305,0.004641313,0.11%,1.021294363,3.976472848,-0.080035144,-1.97%,,
Hg,2000,4.496272445,0.43512314,10.71%,1.055949896,4.258035787,0.281562939,7.08%,(From USGS),
Hg,2001,4.496272445,0,0.00%,1.086012526,4.140166285,-0.117869503,-2.77%,,
Hg,2002,4.061149305,-0.43512314,-9.68%,1.103131524,3.681473348,-0.458692936,-11.08%,Dollars per kilogram,
Hg,2003,4.061149305,0,0.00%,1.128183716,3.599723385,-0.081749963,-2.22%,Mercury is commonly sold in flasks of 76 lbs or 34.473 kilogram,
Hg,2004,10.5879964,6.526847098,160.71%,1.158663883,9.138108607,5.538385222,153.86%,,
Hg,2005,16.09955617,5.511559771,52.05%,1.197912317,13.4396783,4.301569691,47.07%,,
Hg,2006,19.43550025,3.335944072,20.72%,1.236743215,15.71506519,2.275386891,16.93%,,
Hg,2007,15.37435094,-4.061149305,-20.90%,1.271816284,12.08849984,-3.626565352,-23.08%,,
Hg,2008,17.40492559,2.030574653,13.21%,1.320668058,13.1788798,1.09037996,9.02%,,
Hg,2009,17.40492559,0,0.00%,1.316075157,13.22487208,0.045992284,0.35%,,
Hg,2010,31.21283323,13.80790764,79.33%,1.337787056,23.33169026,10.10681818,76.42%,,
Hg,2011,53.66518725,22.45235402,71.93%,1.379958246,38.88899348,15.55730322,66.68%,,
Hg,2012,53.66518725,0,0.00%,1.409185804,38.08240695,-0.806586531,-2.07%,,
Hg,2013,53.66518725,0,0.00%,1.43006263,37.5264594,-0.555947547,-1.46%,,
Hg,2014,53.66518725,0,0.00%,1.454279749,36.90155712,-0.624902281,-1.67%,,
Hg,2015,53.66518725,0,0.00%,1.456784969,36.83809787,-0.063459256,-0.17%,,
Pb,1998,0.998031474,NA,NA,1,0.998031474,NA,NA,North American average,
Pb,1999,0.963859864,-0.03417161,-3.42%,1.021294363,0.943763031,-0.054268443,-5.44%,,
Pb,2000,0.960552934,-0.00330693,-0.34%,1.055949896,0.909657682,-0.03410535,-3.61%,(From USGS),
Pb,2001,0.962096168,0.001543234,0.16%,1.086012526,0.885897856,-0.023759826,-2.61%,,
Pb,2002,0.960332472,-0.001763696,-0.18%,1.103131524,0.8705512,-0.015346656,-1.73%,Dollars per kilogram,
Pb,2003,0.964741712,0.00440924,0.46%,1.128183716,0.855128201,-0.015422999,-1.77%,,
Pb,2004,1.215627468,0.250885756,26.01%,1.158663883,1.049163166,0.194034965,22.69%,,
Pb,2005,1.345479586,0.129852118,10.68%,1.197912317,1.123187037,0.074023871,7.06%,,
Pb,2006,1.70637588,0.360896294,26.82%,1.236743215,1.379733367,0.25654633,22.84%,,
Pb,2007,2.730201408,1.023825528,60.00%,1.271816284,2.146694804,0.766961437,55.59%,,
Pb,2008,2.652819246,-0.077382162,-2.83%,1.320668058,2.00869494,-0.137999864,-6.43%,,
Pb,2009,1.915153394,-0.737665852,-27.81%,1.316075157,1.455200628,-0.553494312,-27.55%,,
Pb,2010,2.401051642,0.485898248,25.37%,1.337787056,1.794793596,0.339592969,23.34%,,
Pb,2011,2.68302254,0.281970898,11.74%,1.379958246,1.944278058,0.149484462,8.33%,,
Pb,2012,2.516794192,-0.166228348,-6.20%,1.409185804,1.78599173,-0.158286328,-8.14%,,
Pb,2013,2.530242374,0.013448182,0.53%,1.43006263,1.76932277,-0.016668961,-0.93%,,
Pb,2014,2.340645054,-0.18959732,-7.49%,1.454279749,1.609487483,-0.159835286,-9.03%,,
Pb,2015,2.01061344,-0.330031614,-14.10%,1.456784969,1.380171737,-0.229315747,-14.25%,,
Bi,1998,7.936632,NA,NA,1,7.936632,NA,NA,New York dealer Dollars,11.84089873
Bi,1999,8.487787,0.551155,6.94%,1.021294363,8.310813518,0.374181518,4.71%,,
Bi,2000,8.157094,-0.330693,-3.90%,1.055949896,7.724887359,-0.585926159,-7.05%,(From USGS),
Bi,2001,8.2452788,0.0881848,1.08%,1.086012526,7.592250183,-0.132637176,-1.72%,,
Bi,2002,6.9225068,-1.322772,-16.04%,1.103131524,6.275323159,-1.316927024,-17.35%,Dollars per kilogram,
Bi,2003,6.3272594,-0.5952474,-8.60%,1.128183716,5.608359091,-0.666964068,-10.63%,,
Bi,2004,7.0988764,0.771617,12.20%,1.158663883,6.12677801,0.518418919,9.24%,,
Bi,2005,8.6200642,1.5211878,21.43%,1.197912317,7.195905807,1.069127796,17.45%,,
Bi,2006,11.1112848,2.4912206,28.90%,1.236743215,8.984310296,1.788404489,24.85%,,
Bi,2007,31.0190034,19.9077186,179.17%,1.271816284,24.38953156,15.40522127,171.47%,,
Bi,2008,28.0648126,-2.9541908,-9.52%,1.320668058,21.2504667,-3.139064862,-12.87%,,
Bi,2009,17.2842208,-10.7805918,-38.41%,1.316075157,13.13315635,-8.117310351,-38.20%,,
Bi,2010,19.3124712,2.0282504,11.73%,1.337787056,14.4361325,1.302976148,9.92%,,
Bi,2011,25.2869914,5.9745202,30.94%,1.379958246,18.32446124,3.888328743,26.93%,,
Bi,2012,22.266662,-3.0203294,-11.94%,1.409185804,15.80108311,-2.523378133,-13.77%,,
Bi,2013,19.2022402,-3.0644218,-13.76%,1.43006263,13.42755191,-2.373531202,-15.02%,,
Bi,2014,24.5594668,5.3572266,27.90%,1.454279749,16.88771834,3.460166436,25.77%,,
Bi,2015,14.1757066,-10.3837602,-42.28%,1.456784969,9.730816081,-7.156902261,-42.38%,,
Th,1998,82.5,NA,NA,1,82.5,NA,NA,"Rhodia, Inc. Thorium Oxide, 99.9% pure",
Th,1999,82.5,0,0.00%,1.021294363,80.77984464,-1.720155356,-2.09%,,
Th,2000,82.25,-0.25,-0.30%,1.055949896,77.89195334,-2.887891303,-3.58%,(From USGS),
Th,2001,82.5,0.25,0.30%,1.086012526,75.96597463,-1.925978716,-2.47%,,
Th,2002,82.5,0,0.00%,1.103131524,74.78709311,-1.178881514,-1.55%,Dollars per kilogram,
Th,2003,82.5,0,0.00%,1.128183716,73.12638786,-1.66070525,-2.22%,,
Th,2004,82.5,0,0.00%,1.158663883,71.2027027,-1.923685158,-2.63%,,
Th,2005,82.5,0,0.00%,1.197912317,68.86981527,-2.332887436,-3.28%,,
Th,2006,82.5,0,0.00%,1.236743215,66.70746117,-2.162354092,-3.14%,,
Th,2007,200,117.5,142.42%,1.271816284,157.2554169,90.54795577,135.74%,,
Th,2008,300,100,50.00%,1.320668058,227.1577616,69.90234468,44.45%,,
Th,2009,300,0,0.00%,1.316075157,227.9505076,0.792745995,0.35%,,
Th,2010,300,0,0.00%,1.337787056,224.2509363,-3.699571285,-1.62%,,
Th,2011,NA,NA,NA,NA,NA,NA,NA,,
Th,2012,NA,NA,NA,NA,NA,NA,NA,,
Th,2013,NA,NA,NA,NA,NA,NA,NA,,
Th,2014,NA,NA,NA,NA,NA,NA,NA,,
Th,2015,NA,NA,NA,NA,NA,NA,NA,,
Pd,1998,6719.4963,NA,NA,1,6719.4963,NA,NA,Metal,
Pd,1999,12972.80745,6253.31115,93.06%,1.021294363,12702.31964,5982.823341,89.04%,,
Pd,2000,22243.14029,9270.332838,71.46%,1.055949896,21064.57928,8362.259635,65.83%,(From USGS),
Pd,2001,19634.754,-2608.386291,-11.73%,1.086012526,18079.67544,-2984.903835,-14.17%,,
Pd,2002,10931.238,-8703.515997,-44.33%,1.103131524,9909.278959,-8170.396482,-45.19%,Dollars per kilogram,
Pd,2003,6526.5921,-4404.6459,-40.29%,1.128183716,5785.043701,-4124.235258,-41.62%,,
Pd,2004,7488.862551,962.270451,14.74%,1.158663883,6463.360652,678.3169513,11.73%,,
Pd,2005,6543.953478,-944.909073,-12.62%,1.197912317,5462.79839,-1000.562263,-15.48%,,
Pd,2006,10382.42555,3838.472073,58.66%,1.236743215,8394.972719,2932.17433,53.68%,,
Pd,2007,11488.73114,1106.305587,10.66%,1.271816284,9033.326026,638.3533068,7.60%,,
Pd,2008,11417.35658,-71.374554,-0.62%,1.320668058,8645.137217,-388.1888087,-4.30%,,
Pd,2009,8540.833455,-2876.523129,-25.19%,1.316075157,6489.624405,-2155.512812,-24.93%,,
Pd,2010,17059.48293,8518.649472,99.74%,1.337787056,12752.01673,6262.392327,96.50%,,
Pd,2011,23743.61346,6684.13053,39.18%,1.379958246,17206.03759,4454.020856,34.93%,,
Pd,2012,20874.48499,-2869.128468,-12.08%,1.409185804,14813.15305,-2392.884537,-13.91%,,
Pd,2013,23456.50771,2582.022717,12.37%,1.43006263,16402.43386,1589.280804,10.73%,,
Pd,2014,26038.53042,2582.022717,11.01%,1.454279749,17904.76037,1502.326513,9.16%,,
Pd,2015,22344.41499,-3694.11543,-14.19%,1.456784969,15338.16965,-2566.590719,-14.33%,,
Pt,1998,11976.13575,NA,NA,1,11976.13575,NA,NA,Metal,
Pt,1999,12183.47561,207.3398643,1.73%,1.021294363,11929.44566,-46.69008514,-0.39%,,
Pt,2000,17660.70102,5477.225403,44.96%,1.055949896,16724.94224,4795.496579,40.20%,(From USGS),
Pt,2001,17145.6468,-515.054214,-2.92%,1.086012526,15787.7063,-937.2359416,-5.60%,,
Pt,2002,17457.8301,312.183297,1.82%,1.103131524,15825.7014,37.99509383,0.24%,Dollars per kilogram,
Pt,2003,22326.73211,4868.902008,27.89%,1.128183716,19789.97905,3964.277656,25.05%,,
Pt,2004,27288.22813,4961.496024,22.22%,1.158663883,23551.46176,3761.482705,19.01%,,
Pt,2005,28919.87616,1631.648025,5.98%,1.197912317,24141.89731,590.4355576,2.51%,,
Pt,2006,36793.90409,7874.027937,27.23%,1.236743215,29750.64156,5608.744247,23.23%,,
Pt,2007,42067.26191,5273.357814,14.33%,1.271816284,33076.52405,3325.882493,11.18%,,
Pt,2008,50742.16378,8674.901874,20.62%,1.320668058,38421.58781,5345.06376,16.16%,,
Pt,2009,38823.57779,-11918.586,-23.49%,1.316075157,29499.51421,-8922.073603,-23.22%,,
Pt,2010,51941.38489,13117.80711,33.79%,1.337787056,38826.34732,9326.833109,31.62%,,
Pt,2011,55444.20366,3502.818765,6.74%,1.379958246,40178.17481,1351.827493,3.48%,,
Pt,2012,50006.87727,-5437.326384,-9.81%,1.409185804,35486.3618,-4691.813015,-11.68%,,
Pt,2013,47890.7182,-2116.159074,-4.23%,1.43006263,33488.54601,-1997.815787,-5.63%,,
Pt,2014,44621.63502,-3269.083176,-6.83%,1.454279749,30682.97901,-2805.567004,-8.38%,,
Pt,2015,33954.03276,-10667.60226,-23.91%,1.456784969,23307.51174,-7375.467265,-24.04%,,
Ce,1998,23,NA,NA,1,23,NA,NA,USGS Mineral commodity summary Table 3,
Ce,1999,23,0,0.00%,1.021294363,22.52044154,-0.479558463,-2.09%,99.5% pure,
Ce,2000,20.85,-2.15,-9.35%,1.055949896,19.74525504,-2.775186496,-12.32%,Prices per kilogram of oxides,
Ce,2001,31.5,10.65,51.08%,1.086012526,29.00519031,9.25993527,46.90%,,
Ce,2002,31.5,0,0.00%,1.103131524,28.55507192,-0.450118396,-1.55%,,
Ce,2003,31.5,0,0.00%,1.128183716,27.92098446,-0.634087459,-2.22%,,
Ce,2004,31.5,0,0.00%,1.158663883,27.18648649,-0.734497969,-2.63%,,
Ce,2005,31.5,0,0.00%,1.197912317,26.29574765,-0.890738839,-3.28%,,
Ce,2006,45,13.5,42.86%,1.236743215,36.38588791,10.09014027,38.37%,,
Ce,2007,65,20,44.44%,1.271816284,51.10801051,14.72212259,40.46%,,
Ce,2008,65,0,0.00%,1.320668058,49.21751502,-1.890495488,-3.70%,,
Ce,2009,30,-35,-53.85%,1.316075157,22.79505076,-26.42246426,-53.69%,,
Ce,2010,NA,NA,NA,1.337787056,NA,NA,NA,,
Ce,2011,100,NA,NA,1.379958246,72.46596067,NA,NA,,
Ce,2012,23,-77,-77.00%,1.409185804,16.32148148,-56.14447918,-77.48%,,
Ce,2013,8,-15,-65.22%,1.43006263,5.594160584,-10.7273209,-65.73%,,
Ce,2014,5,-3,-37.50%,1.454279749,3.438128051,-2.156032533,-38.54%,,
Ce,2015,3,-2,-40.00%,1.456784969,2.059329321,-1.37879873,-40.10%,,
Dy,1998,65,NA,NA,1,65,NA,NA,USGS Mineral commodity summary Table 3,
Dy,1999,65,0,0.00%,1.021294363,63.64472608,-1.355273917,-2.09%,99% pure,
Dy,2000,120,55,84.62%,1.055949896,113.6417556,49.99702955,78.56%,Prices per kilogram of oxides,
Dy,2001,120,0,0.00%,1.086012526,110.4959631,-3.145792544,-2.77%,,
Dy,2002,120,0,0.00%,1.103131524,108.7812263,-1.714736747,-1.55%,,
Dy,2003,120,0,0.00%,1.128183716,106.3656551,-2.415571273,-2.22%,,
Dy,2004,120,0,0.00%,1.158663883,103.5675676,-2.798087503,-2.63%,,
Dy,2005,120,0,0.00%,1.197912317,100.1742768,-3.393290816,-3.28%,,
Dy,2006,150,30,25.00%,1.236743215,121.286293,21.11201629,21.08%,,
Dy,2007,160,10,6.67%,1.271816284,125.8043336,4.518040507,3.73%,,
Dy,2008,160,0,0.00%,1.320668058,121.1508062,-4.653527356,-3.70%,,
Dy,2009,170,10,6.25%,1.316075157,129.1719543,8.021148118,6.62%,,
Dy,2010,310,140,82.35%,1.337787056,231.7259675,102.5540132,79.39%,,
Dy,2011,1600,1290,416.13%,1.379958246,1159.455371,927.7294031,400.36%,,
Dy,2012,1010,-590,-36.88%,1.409185804,716.7259259,-442.7294447,-38.18%,,
Dy,2013,540,-470,-46.53%,1.43006263,377.6058394,-339.1200865,-47.32%,,
Dy,2014,395,-145,-26.85%,1.454279749,271.612116,-105.9937234,-28.07%,,
Dy,2015,278,-117,-29.62%,1.456784969,190.8311837,-80.78093227,-29.74%,,
Er,1998,150,NA,NA,1,150,NA,NA,USGS Mineral commodity summary Table 3,
Er,1999,150,0,0.00%,1.021294363,146.8724448,-3.127555192,-2.09%,96% pure,
Er,2000,155,5,3.33%,1.055949896,146.7872677,-0.085177113,-0.06%,Prices per kilogram of oxides,
Er,2001,155,0,0.00%,1.086012526,142.7239523,-4.063315369,-2.77%,,
Er,2002,155,0,0.00%,1.103131524,140.509084,-2.214868299,-1.55%,,
Er,2003,155,0,0.00%,1.128183716,137.3889711,-3.120112895,-2.22%,,
Er,2004,155,0,0.00%,1.158663883,133.7747748,-3.614196358,-2.63%,,
Er,2005,155,0,0.00%,1.197912317,129.3917741,-4.383000637,-3.28%,,
Er,2006,160,5,3.23%,1.236743215,129.3720459,-0.019728222,-0.02%,,
Er,2007,165,5,3.13%,1.271816284,129.735719,0.363673061,0.28%,,
Er,2008,165,0,0.00%,1.320668058,124.9367689,-4.798950085,-3.70%,,
Er,2009,100,-65,-39.39%,1.316075157,75.98350254,-48.95326635,-39.18%,,
Er,2010,165,65,65.00%,1.337787056,123.338015,47.35451244,62.32%,,
Er,2011,255,90,54.55%,1.379958246,184.7881997,61.45018472,49.82%,,
Er,2012,NA,NA,NA,1.409185804,NA,NA,NA,,
Er,2013,NA,NA,NA,1.43006263,NA,NA,NA,,
Er,2014,NA,NA,NA,1.454279749,NA,NA,NA,,
Er,2015,NA,NA,NA,1.456784969,NA,NA,NA,,
Eu,1998,700,NA,NA,1,700,NA,NA,USGS Mineral commodity summary Table 3,
Eu,1999,700,0,0.00%,1.021294363,685.4047424,-14.59525756,-2.09%,99.99% pure,
Eu,2000,990,290,41.43%,1.055949896,937.544484,252.1397415,36.79%,Prices per kilogram of oxides,
Eu,2001,990,0,0.00%,1.086012526,911.5916955,-25.95278848,-2.77%,,
Eu,2002,990,0,0.00%,1.103131524,897.4451173,-14.14657817,-1.55%,,
Eu,2003,990,0,0.00%,1.128183716,877.5166543,-19.92846301,-2.22%,,
Eu,2004,990,0,0.00%,1.158663883,854.4324324,-23.0842219,-2.63%,,
Eu,2005,990,0,0.00%,1.197912317,826.4377832,-27.99464923,-3.28%,,
Eu,2006,1000,10,1.01%,1.236743215,808.575287,-17.86249623,-2.16%,,
Eu,2007,1200,200,20.00%,1.271816284,943.5325016,134.9572147,16.69%,,
Eu,2008,1200,0,0.00%,1.320668058,908.6310465,-34.90145517,-3.70%,,
Eu,2009,1600,400,33.33%,1.316075157,1215.736041,307.1049941,33.80%,,
Eu,2010,1400,-200,-12.50%,1.337787056,1046.50437,-169.2316711,-13.92%,,
Eu,2011,3300,1900,135.71%,1.379958246,2391.376702,1344.872332,128.51%,,
Eu,2012,2440,-860,-26.06%,1.409185804,1731.496296,-659.8804057,-27.59%,,
Eu,2013,1130,-1310,-53.69%,1.43006263,790.1751825,-941.3211138,-54.36%,,
Eu,2014,822,-308,-27.26%,1.454279749,565.2282515,-224.946931,-28.47%,,
Eu,2015,339,-483,-58.76%,1.456784969,232.7042132,-332.5240383,-58.83%,,
Gd,1998,115,NA,NA,1,115,NA,NA,USGS Mineral commodity summary Table 3,
Gd,1999,115,0,0.00%,1.021294363,112.6022077,-2.397792314,-2.09%,99.99% pure,
Gd,2000,130,15,13.04%,1.055949896,123.1119019,10.50969425,9.33%,Prices per kilogram of oxides,
Gd,2001,130,0,0.00%,1.086012526,119.70396,-3.407941922,-2.77%,,
Gd,2002,130,0,0.00%,1.103131524,117.8463285,-1.857631476,-1.55%,,
Gd,2003,130,0,0.00%,1.128183716,115.2294597,-2.616868879,-2.22%,,
Gd,2004,130,0,0.00%,1.158663883,112.1981982,-3.031261461,-2.63%,,
Gd,2005,130,0,0.00%,1.197912317,108.5221331,-3.676065051,-3.28%,,
Gd,2006,140,10,7.69%,1.236743215,113.2005402,4.678407028,4.31%,,
Gd,2007,150,10,7.14%,1.271816284,117.9415627,4.74102253,4.19%,,
Gd,2008,150,0,0.00%,1.320668058,113.5788808,-4.362681896,-3.70%,,
Gd,2009,150,0,0.00%,1.316075157,113.9752538,0.396372998,0.35%,,
Gd,2010,165,15,10.00%,1.337787056,123.338015,9.362761174,8.21%,,
Gd,2011,239,74,44.85%,1.379958246,173.193646,49.85563101,40.42%,,
Gd,2012,92,-147,-61.51%,1.409185804,65.28592593,-107.9077201,-62.30%,,
Gd,2013,47,-45,-48.91%,1.43006263,32.86569343,-32.4202325,-49.66%,,
Gd,2014,47,0,0.00%,1.454279749,32.31840367,-0.547289756,-1.67%,,
Gd,2015,47,0,0.00%,1.456784969,32.26282602,-0.05557765,-0.17%,,
Ho,1998,485,NA,NA,1,485,NA,NA,USGS Mineral commodity summary Table 3,
Ho,1999,485,0,0.00%,1.021294363,474.8875715,-10.11242845,-2.09%,99.90% pure,
Ho,2000,440,-45,-9.28%,1.055949896,416.6864373,-58.20113422,-12.26%,Prices per kilogram of oxides,
Ho,2001,440,0,0.00%,1.086012526,405.1518647,-11.53457266,-2.77%,,
Ho,2002,440,0,0.00%,1.103131524,398.8644966,-6.287368074,-1.55%,,
Ho,2003,440,0,0.00%,1.128183716,390.0074019,-8.857094669,-2.22%,,
Ho,2004,440,0,0.00%,1.158663883,379.7477477,-10.25965418,-2.63%,,
Ho,2005,440,0,0.00%,1.197912317,367.3056814,-12.44206633,-3.28%,,
Ho,2006,650,210,47.73%,1.236743215,525.5739365,158.2682551,43.09%,,
Ho,2007,750,100,15.38%,1.271816284,589.7078135,64.133877,12.20%,,
Ho,2008,750,0,0.00%,1.320668058,567.894404,-21.81340948,-3.70%,,
Ho,2009,750,0,0.00%,1.316075157,569.876269,1.981864989,0.35%,,
Ho,2010,750,0,0.00%,1.337787056,560.6273408,-9.248928212,-1.62%,,
Ho,2011,NA,NA,NA,1.379958246,NA,NA,NA,,
Ho,2012,NA,NA,NA,1.409185804,NA,NA,NA,,
Ho,2013,NA,NA,NA,1.43006263,NA,NA,NA,,
Ho,2014,NA,NA,NA,1.454279749,NA,NA,NA,,
Ho,2015,NA,NA,NA,1.456784969,NA,NA,NA,,
La,1998,23,NA,NA,1,23,NA,NA,USGS Mineral commodity summary Table 3,
La,1999,23,0,0.00%,1.021294363,22.52044154,-0.479558463,-2.09%,99.99% pure,
La,2000,23,0,0.00%,1.055949896,21.7813365,-0.739105041,-3.28%,Prices per kilogram of oxides,
La,2001,23,0,0.00%,1.086012526,21.17839293,-0.602943571,-2.77%,,
La,2002,23,0,0.00%,1.103131524,20.84973505,-0.328657877,-1.55%,,
La,2003,23,0,0.00%,1.128183716,20.38675056,-0.462984494,-2.22%,,
La,2004,23,0,0.00%,1.158663883,19.85045045,-0.536300105,-2.63%,,
La,2005,23,0,0.00%,1.197912317,19.20006971,-0.65038074,-3.28%,,
La,2006,30,7,30.43%,1.236743215,24.25725861,5.057188898,26.34%,,
La,2007,40,10,33.33%,1.271816284,31.45108339,7.193824779,29.66%,,
La,2008,40,0,0.00%,1.320668058,30.28770155,-1.163381839,-3.70%,,
La,2009,30,-10,-25.00%,1.316075157,22.79505076,-7.492650788,-24.74%,,
La,2010,38,8,26.67%,1.337787056,28.4051186,5.61006784,24.61%,,
La,2011,100,62,163.16%,1.379958246,72.46596067,44.06084206,155.12%,,
La,2012,23,-77,-77.00%,1.409185804,16.32148148,-56.14447918,-77.48%,,
La,2013,8,-15,-65.22%,1.43006263,5.594160584,-10.7273209,-65.73%,,
La,2014,5,-3,-37.50%,1.454279749,3.438128051,-2.156032533,-38.54%,,
La,2015,3,-2,-40.00%,1.456784969,2.059329321,-1.37879873,-40.10%,,
Lu,1998,4500,NA,NA,1,4500,NA,NA,USGS Mineral commodity summary Table 3,
Lu,1999,4500,0,0.00%,1.021294363,4406.173344,-93.82665576,-2.09%,99.99% pure,
Lu,2000,3500,-1000,-22.22%,1.055949896,3314.551206,-1091.622138,-24.77%,Prices per kilogram of oxides,
Lu,2001,3500,0,0.00%,1.086012526,3222.798923,-91.75228252,-2.77%,,
Lu,2002,3500,0,0.00%,1.103131524,3172.785768,-50.01315513,-1.55%,,
Lu,2003,3500,0,0.00%,1.128183716,3102.331606,-70.45416214,-2.22%,,
Lu,2004,3500,0,0.00%,1.158663883,3020.720721,-81.6108855,-2.63%,,
Lu,2005,3500,0,0.00%,1.197912317,2921.749739,-98.97098214,-3.28%,,
Lu,2006,3500,0,0.00%,1.236743215,2830.013504,-91.7362342,-3.14%,,
Lu,2007,3500,0,0.00%,1.271816284,2751.969796,-78.04370793,-2.76%,,
Lu,2008,3500,0,0.00%,1.320668058,2650.173886,-101.7959109,-3.70%,,
Lu,2009,1800,-1700,-48.57%,1.316075157,1367.703046,-1282.47084,-48.39%,,
Lu,2010,2200,400,22.22%,1.337787056,1644.506866,276.8038207,20.24%,,
Lu,2011,4000,1800,81.82%,1.379958246,2898.638427,1254.13156,76.26%,,
Lu,2012,NA,NA,NA,1.409185804,NA,NA,NA,,
Lu,2013,NA,NA,NA,1.43006263,NA,NA,NA,,
Lu,2014,NA,NA,NA,1.454279749,NA,NA,NA,,
Lu,2015,NA,NA,NA,1.456784969,NA,NA,NA,,
Nd,1998,22,NA,NA,1,22,NA,NA,USGS Mineral commodity summary Table 3,
Nd,1999,22,0,0.00%,1.021294363,21.54129191,-0.458708095,-2.09%,95% pure,
Nd,2000,28.5,6.5,29.55%,1.055949896,26.98991696,5.448625058,25.29%,Prices per kilogram of oxides,
Nd,2001,28.5,0,0.00%,1.086012526,26.24279123,-0.747125729,-2.77%,,
Nd,2002,28.5,0,0.00%,1.103131524,25.83554126,-0.407249978,-1.55%,,
Nd,2003,28.5,0,0.00%,1.128183716,25.26184308,-0.573698177,-2.22%,,
Nd,2004,28.5,0,0.00%,1.158663883,24.5972973,-0.664545782,-2.63%,,
Nd,2005,28.5,0,0.00%,1.197912317,23.79139073,-0.805906569,-3.28%,,
Nd,2006,45,16.5,57.89%,1.236743215,36.38588791,12.59449719,52.94%,,
Nd,2007,60,15,33.33%,1.271816284,47.17662508,10.79073717,29.66%,,
Nd,2008,60,0,0.00%,1.320668058,45.43155232,-1.745072758,-3.70%,,
Nd,2009,42,-18,-30.00%,1.316075157,31.91307107,-13.51848126,-29.76%,,
Nd,2010,63,21,50.00%,1.337787056,47.09269663,15.17962556,47.57%,,
Nd,2011,270,207,328.57%,1.379958246,195.6580938,148.5653972,315.47%,,
Nd,2012,117,-153,-56.67%,1.409185804,83.02666667,-112.6314271,-57.57%,,
Nd,2013,70,-47,-40.17%,1.43006263,48.94890511,-34.07776156,-41.04%,,
Nd,2014,63,-7,-10.00%,1.454279749,43.32041344,-5.628491673,-11.50%,,
Nd,2015,48,-15,-23.81%,1.456784969,32.94926913,-10.37114431,-23.94%,,
Pr,1998,32,NA,NA,1,32,NA,NA,USGS Mineral commodity summary Table 3,
Pr,1999,32,0,0.00%,1.021294363,31.33278823,-0.667211774,-2.09%,96% pure,
Pr,2000,36.8,4.8,15.00%,1.055949896,34.85013839,3.517350169,11.23%,Prices per kilogram of oxides,
Pr,2001,36.8,0,0.00%,1.086012526,33.88542868,-0.964709713,-2.77%,,
Pr,2002,36.8,0,0.00%,1.103131524,33.35957608,-0.525852603,-1.55%,,
Pr,2003,36.8,0,0.00%,1.128183716,32.61880089,-0.74077519,-2.22%,,
Pr,2004,36.8,0,0.00%,1.158663883,31.76072072,-0.858080168,-2.63%,,
Pr,2005,36.8,0,0.00%,1.197912317,30.72011154,-1.040609184,-3.28%,,
Pr,2006,50,13.2,35.87%,1.236743215,40.42876435,9.708652811,31.60%,,
Pr,2007,75,25,50.00%,1.271816284,58.97078135,18.542017,45.86%,,
Pr,2008,75,0,0.00%,1.320668058,56.7894404,-2.181340948,-3.70%,,
Pr,2009,38,-37,-49.33%,1.316075157,28.87373096,-27.91570944,-49.16%,,
Pr,2010,60,22,57.89%,1.337787056,44.85018727,15.9764563,55.33%,,
Pr,2011,225,165,275.00%,1.379958246,163.0484115,118.1982242,263.54%,,
Pr,2012,115,-110,-48.89%,1.409185804,81.60740741,-81.44100409,-49.95%,,
Pr,2013,94,-21,-18.26%,1.43006263,65.73138686,-15.87602055,-19.45%,,
Pr,2014,121,27,28.72%,1.454279749,83.20269882,17.47131196,26.58%,,
Pr,2015,75,-46,-38.02%,1.456784969,51.48323302,-31.7194658,-38.12%,,
Sm,1998,75,NA,NA,1,75,NA,NA,USGS Mineral commodity summary Table 3,
Sm,1999,75,0,0.00%,1.021294363,73.4362224,-1.563777596,-2.09%,96-99.9% pure,
Sm,2000,360,285,380.00%,1.055949896,340.9252669,267.4890445,364.25%,Prices per kilogram of oxides,
Sm,2001,360,0,0.00%,1.086012526,331.4878893,-9.437377631,-2.77%,,
Sm,2002,360,0,0.00%,1.103131524,326.343679,-5.144210242,-1.55%,,
Sm,2003,360,0,0.00%,1.128183716,319.0969652,-7.24671382,-2.22%,,
Sm,2004,360,0,0.00%,1.158663883,310.7027027,-8.394262508,-2.63%,,
Sm,2005,360,0,0.00%,1.197912317,300.5228303,-10.17987245,-3.28%,,
Sm,2006,250,-110,-30.56%,1.236743215,202.1438217,-98.37900851,-32.74%,,
Sm,2007,200,-50,-20.00%,1.271816284,157.2554169,-44.8884048,-22.21%,,
Sm,2008,200,0,0.00%,1.320668058,151.4385077,-5.816909194,-3.70%,,
Sm,2009,130,-70,-35.00%,1.316075157,98.7785533,-52.65995445,-34.77%,,
Sm,2010,175,45,34.62%,1.337787056,130.8130462,32.03449289,32.43%,,
Sm,2011,118,-57,-32.57%,1.379958246,85.50983359,-45.30321261,-34.63%,,
Sm,2012,62,-56,-47.46%,1.409185804,43.99703704,-41.51279655,-48.55%,,
Sm,2013,14,-48,-77.42%,1.43006263,9.789781022,-34.20725602,-77.75%,,
Sm,2014,7,-7,-50.00%,1.454279749,4.813379271,-4.976401751,-50.83%,,
Sm,2015,3,-4,-57.14%,1.456784969,2.059329321,-2.75404995,-57.22%,,
Tb,1998,685,NA,NA,1,685,NA,NA,USGS Mineral commodity summary Table 3,
Tb,1999,685,0,0.00%,1.021294363,670.717498,-14.28250204,-2.09%,99.9% pure,
Tb,2000,535,-150,-21.90%,1.055949896,506.6528272,-164.0646708,-24.46%,Prices per kilogram of oxides,
Tb,2001,535,0,0.00%,1.086012526,492.6278354,-14.02499176,-2.77%,,
Tb,2002,535,0,0.00%,1.103131524,484.9829674,-7.644867999,-1.55%,,
Tb,2003,535,0,0.00%,1.128183716,474.2135455,-10.76942193,-2.22%,,
Tb,2004,535,0,0.00%,1.158663883,461.7387387,-12.47480678,-2.63%,,
Tb,2005,535,0,0.00%,1.197912317,446.6103172,-15.12842156,-3.28%,,
Tb,2006,800,265,49.53%,1.236743215,646.8602296,200.2499124,44.84%,,
Tb,2007,850,50,6.25%,1.271816284,668.335522,21.47529242,3.32%,,
Tb,2008,850,0,0.00%,1.320668058,643.6136579,-24.72186408,-3.70%,,
Tb,2009,900,50,5.88%,1.316075157,683.8515228,40.23786492,6.25%,,
Tb,2010,1400,500,55.56%,1.337787056,1046.50437,362.6528467,53.03%,,
Tb,2011,2750,1350,96.43%,1.379958246,1992.813918,946.3095488,90.43%,,
Tb,2012,1950,-800,-29.09%,1.409185804,1383.777778,-609.0361405,-30.56%,,
Tb,2013,949,-1001,-51.33%,1.43006263,663.6072993,-720.1704785,-52.04%,,
Tb,2014,713,-236,-24.87%,1.454279749,490.27706,-173.3302393,-26.12%,,
Tb,2015,562,-151,-21.18%,1.456784969,385.7810261,-104.4960339,-21.31%,,
Tm,1998,3600,NA,NA,1,3600,NA,NA,USGS Mineral commodity summary Table 3,
Tm,1999,3600,0,0.00%,1.021294363,3524.938675,-75.06132461,-2.09%,99.9% pure,
Tm,2000,2500,-1100,-30.56%,1.055949896,2367.536576,-1157.4021,-32.83%,Prices per kilogram of oxides,
Tm,2001,2300,-200,-8.00%,1.086012526,2117.839293,-249.6972831,-10.55%,,
Tm,2002,2300,0,0.00%,1.103131524,2084.973505,-32.86578766,-1.55%,,
Tm,2003,2300,0,0.00%,1.128183716,2038.675056,-46.29844941,-2.22%,,
Tm,2004,2300,0,0.00%,1.158663883,1985.045045,-53.63001047,-2.63%,,
Tm,2005,2300,0,0.00%,1.197912317,1920.006971,-65.03807397,-3.28%,,
Tm,2006,2500,200,8.70%,1.236743215,2021.438217,101.4312464,5.28%,,
Tm,2007,2500,0,0.00%,1.271816284,1965.692712,-55.74550567,-2.76%,,
Tm,2008,2500,0,0.00%,1.320668058,1892.981347,-72.71136493,-3.70%,,
Tm,2009,1500,-1000,-40.00%,1.316075157,1139.752538,-753.2288088,-39.79%,,
Tm,2010,1500,0,0.00%,1.337787056,1121.254682,-18.49785642,-1.62%,,
Tm,2011,NA,NA,NA,1.379958246,NA,NA,NA,,
Tm,2012,NA,NA,NA,1.409185804,NA,NA,NA,,
Tm,2013,NA,NA,NA,1.43006263,NA,NA,NA,,
Tm,2014,NA,NA,NA,1.454279749,NA,NA,NA,,
Tm,2015,NA,NA,NA,1.456784969,NA,NA,NA,,
Yb,1998,230,NA,NA,1,230,NA,NA,USGS Mineral commodity summary Table 3,
Yb,1999,230,0,0.00%,1.021294363,225.2044154,-4.795584628,-2.09%,99% pure,
Yb,2000,230,0,0.00%,1.055949896,217.813365,-7.391050406,-3.28%,Prices per kilogram of oxides,
Yb,2001,340,110,47.83%,1.086012526,313.0718954,95.25853046,43.73%,,
Yb,2002,340,0,0.00%,1.103131524,308.2134746,-4.858420784,-1.55%,,
Yb,2003,340,0,0.00%,1.128183716,301.369356,-6.844118608,-2.22%,,
Yb,2004,340,0,0.00%,1.158663883,293.4414414,-7.927914591,-2.63%,,
Yb,2005,340,0,0.00%,1.197912317,283.8271175,-9.614323979,-3.28%,,
Yb,2006,400,60,17.65%,1.236743215,323.4301148,39.60299732,13.95%,,
Yb,2007,450,50,12.50%,1.271816284,353.8246881,30.39457333,9.40%,,
Yb,2008,450,0,0.00%,1.320668058,340.7366424,-13.08804569,-3.70%,,
Yb,2009,325,-125,-27.78%,1.316075157,246.9463832,-93.79025918,-27.53%,,
Yb,2010,375,50,15.38%,1.337787056,280.3136704,33.36728716,13.51%,,
Yb,2011,450,75,20.00%,1.379958246,326.096823,45.78315258,16.33%,,
Yb,2012,NA,NA,NA,1.409185804,NA,NA,NA,,
Yb,2013,NA,NA,NA,1.43006263,NA,NA,NA,,
Yb,2014,NA,NA,NA,1.454279749,NA,NA,NA,,
Yb,2015,NA,NA,NA,1.456784969,NA,NA,NA,,
Y,1998,85,NA,NA,1,85,NA,NA,USGS Mineral commodity summary Table 3,
Y,1999,85,0,0.00%,1.021294363,83.22771872,-1.772281276,-2.09%,99.99% pure,
Y,2000,88,3,3.53%,1.055949896,83.33728747,0.109568741,0.13%,Prices per kilogram of oxides,
Y,2001,88,0,0.00%,1.086012526,81.03037293,-2.306914532,-2.77%,,
Y,2002,88,0,0.00%,1.103131524,79.77289932,-1.257473615,-1.55%,,
Y,2003,88,0,0.00%,1.128183716,78.00148038,-1.771418934,-2.22%,,
Y,2004,88,0,0.00%,1.158663883,75.94954955,-2.051930835,-2.63%,,
Y,2005,88,0,0.00%,1.197912317,73.46113628,-2.488413265,-3.28%,,
Y,2006,50,-38,-43.18%,1.236743215,40.42876435,-33.03237194,-44.97%,,
Y,2007,50,0,0.00%,1.271816284,39.31385424,-1.114910113,-2.76%,,
Y,2008,50,0,0.00%,1.320668058,37.85962694,-1.454227299,-3.70%,,
Y,2009,44,-6,-12.00%,1.316075157,33.43274112,-4.42688582,-11.69%,,
Y,2010,50,6,13.64%,1.337787056,37.37515605,3.942414938,11.79%,,
Y,2011,165,115,230.00%,1.379958246,119.5688351,82.19367904,219.92%,,
Y,2012,88,-77,-46.67%,1.409185804,62.44740741,-57.12142769,-47.77%,,
Y,2013,25,-63,-71.59%,1.43006263,17.48175182,-44.96565558,-72.01%,,
Y,2014,16,-9,-36.00%,1.454279749,11.00200976,-6.479742063,-37.07%,,
Y,2015,8,-8,-50.00%,1.456784969,5.491544855,-5.510464906,-50.09%,,
Sc,1998,3400,NA,NA,1,3400,NA,NA,USGS Mineral commodity summary Table 3,
Sc,1999,2100,-1300,-38.24%,1.021294363,2056.214227,-1343.785773,-39.52%,99.99% purity,
Sc,2000,6000,3900,185.71%,1.055949896,5682.087782,3625.873554,176.34%,Prices per kilogram of oxides,
Sc,2001,6000,0,0.00%,1.086012526,5524.798155,-157.2896272,-2.77%,,
Sc,2002,6000,0,0.00%,1.103131524,5439.061317,-85.73683737,-1.55%,,
Sc,2003,6000,0,0.00%,1.128183716,5318.282754,-120.7785637,-2.22%,(98-99 data from MCS),
Sc,2004,6000,0,0.00%,1.158663883,5178.378378,-139.9043751,-2.63%,,
Sc,2005,6000,0,0.00%,1.197912317,5008.713838,-169.6645408,-3.28%,,
Sc,2006,NA,NA,NA,NA,NA,NA,NA,,
Sc,2007,NA,NA,NA,NA,NA,NA,NA,,
Sc,2008,NA,NA,NA,NA,NA,NA,NA,,
Sc,2009,2500,NA,NA,1.316075157,1899.587563,NA,NA,,
Sc,2010,3500,1000,40.00%,1.337787056,2616.260924,716.6733604,37.73%,,
Sc,2011,3700,200,5.71%,1.379958246,2681.240545,64.97962078,2.48%,,
Sc,2012,4700,1000,27.03%,1.409185804,3335.259259,654.0187146,24.39%,,
Sc,2013,5000,300,6.38%,1.43006263,3496.350365,161.0911057,4.83%,,
Sc,2014,5000,0,0.00%,1.454279749,3438.128051,-58.22231443,-1.67%,,
Sc,2015,5100,100,2.00%,1.456784969,3500.859845,62.7317947,1.82%,,
